Age,Annual_Income,Monthly_Inhand_Salary,Num_Bank_Accounts,Num_Credit_Card,Interest_Rate,Num_of_Loan,Delay_from_due_date,Num_of_Delayed_Payment,Changed_Credit_Limit,Num_Credit_Inquiries,Outstanding_Debt,Credit_Utilization_Ratio,Credit_History_Age,Total_EMI_per_month,Amount_invested_monthly,Monthly_Balance,Credit_Mix,Payment_of_Min_Amount,debt_to_income,loan_to_income,emi_to_income,credit_card_util_proxy,delay_per_loan,delinquency_rate,inquiry_per_account,credit_age_years,Occupation_Accountant,Occupation_Architect,Occupation_Developer,Occupation_Doctor,Occupation_Engineer,Occupation_Entrepreneur,Occupation_Journalist,Occupation_Lawyer,Occupation_Manager,Occupation_Mechanic,Occupation_Media_Manager,Occupation_Musician,Occupation_Scientist,Occupation_Teacher,Occupation_Writer,Payment_Behaviour_High_spent_Large_value_payments,Payment_Behaviour_High_spent_Medium_value_payments,Payment_Behaviour_High_spent_Small_value_payments,Payment_Behaviour_Low_spent_Large_value_payments,Payment_Behaviour_Low_spent_Medium_value_payments,Payment_Behaviour_Low_spent_Small_value_payments,y_true,y_pred,correct,prob_Poor,prob_Standard,prob_Good
36.0,70144.54,5665.378333333332,3,3,14,3,28,9.0,11.95,5.0,819.99,32.78829260473411,187.0,156.99238767801847,121.98307017639088,537.5623754789241,1,1,0.14028005601006152,0.4276883133027888,0.027710839142784847,273.33,9.333333333333334,0.25,1.6666666666666667,15.6,False,False,True,False,False,False,False,False,False,False,False,False,False,False,False,False,True,False,False,False,False,Poor,Standard,False,0.26994693089106897,0.6604203536801153,0.06963271542881545
36.0,20057.71,1497.4758333333332,7,5,27,8,30,16.0,28.22,11.0,4649.72,26.70157013399157,82.0,99.94135979160517,20.8262967913151,268.97992675041303,0,1,2.7818051013799683,3.9884912086175346,0.06673988158402457,929.9440000000001,3.75,0.16666666666666666,1.5714285714285714,6.8,False,True,False,False,False,False,False,False,False,False,False,False,False,False,False,True,False,False,False,False,False,Poor,Poor,True,0.6552157028201454,0.3038130180112965,0.04097127916855825
34.0,113207.36,9137.946666666669,1,5,3,3,8,5.0,6.960000000000001,0.0,1289.91,39.89506091473029,356.0,221.74562719793343,347.28782130776773,634.7612181609655,2,0,0.13673068606140096,0.2650004381340577,0.02426646108658255,257.982,2.6666666666666665,0.1388888888888889,0.0,29.7,False,False,False,False,False,False,False,False,False,False,True,False,False,False,False,False,False,False,False,False,True,Good,Good,True,0.0888584158818554,0.28215246992734216,0.6289891141908025
44.0,70347.0,5913.25,8,9,31,4,57,22.0,13.79,8.0,2589.02,28.06631495532749,245.0,207.9665064812684,112.738364776348,510.62012874238366,0,1,0.4416427139750096,0.5686098909690535,0.03516957789392777,287.6688888888889,14.25,0.4583333333333333,1.0,20.4,False,False,False,False,False,False,False,True,False,False,False,False,False,False,False,True,False,False,False,False,False,Poor,Poor,True,0.8810471765074728,0.10464316904086073,0.0143096544516667
22.0,8590.155,979.84625,6,5,30,7,36,10.0,7.79,9.0,2622.84,27.28475669782852,72.0,30.8866690759184,89.90462018469921,257.1933357393824,1,1,3.663971139053952,8.148863437272086,0.0315219546698458,524.568,5.142857142857143,0.11904761904761904,1.5,6.0,False,False,False,False,False,False,False,False,False,False,True,False,False,False,False,False,False,False,False,True,False,Poor,Poor,True,0.8590025422924983,0.13940001972793875,0.0015974379795629424
43.0,71735.48,6021.956666666666,8,3,8,3,25,20.0,15.07,2.0,940.19,36.90104440761385,233.0,144.54006046544487,129.45058361675376,596.3621213483223,1,1,0.1572761484275285,0.4182030983831153,0.024002175449969177,313.3966666666667,8.333333333333334,0.5555555555555556,0.25,19.4,False,False,False,False,False,False,False,False,False,False,False,False,False,False,True,True,False,False,False,False,False,Standard,Standard,True,0.019047989685760106,0.9415455994180384,0.03940641089620167
38.0,8571.29,514.2741666666667,8,7,24,9,53,24.0,4.09,9.0,1716.56,28.361019515645708,219.0,42.827855239035294,30.12388540793217,268.4756760196992,1,1,2.4032228521027754,10.500169752744334,0.08327825509227788,245.22285714285712,5.888888888888889,0.2222222222222222,1.125,18.2,False,False,True,False,False,False,False,False,False,False,False,False,False,False,False,False,False,False,False,False,True,Poor,Poor,True,0.920783923300267,0.07854656733046882,0.0006695093692642215
20.0,56039.7,4899.974999999999,2,5,9,4,16,12.0,7.64,4.0,895.2,25.674342796441227,219.0,128.64099867263917,177.31655835313546,434.03994297422537,2,0,0.19169267501432025,0.713779695465893,0.026253398981145655,179.04000000000002,4.0,0.25,2.0,18.2,False,False,False,False,True,False,False,False,False,False,False,False,False,False,False,False,True,False,False,False,False,Standard,Poor,False,0.43116957996796623,0.30703465838709976,0.26179576164493407
24.0,66250.64,3101.0853633916267,8,6,18,7,49,10.0,13.28,8.0,2073.32,25.864245450061564,75.0,249.1620826334104,148.40257953118436,423.82400450207183,1,1,0.3755411268479822,1.0565935664923387,0.08034673459001601,345.55333333333334,7.0,0.11904761904761904,1.0,6.2,False,False,False,False,False,False,False,False,False,False,False,False,False,True,False,False,False,False,False,False,True,Standard,Poor,False,0.662348103968174,0.3352119460063234,0.0024399500255027715
34.0,28312.79,2566.3991666666666,3,3,5,3,29,9.0,16.57,5.0,365.77,34.38215771669582,111.0,50.677357383603926,68.96178872266064,387.0007705604022,1,1,0.1550267564588301,1.0595917957926435,0.019746482948490643,121.92333333333333,9.666666666666666,0.25,1.6666666666666667,9.2,False,False,False,False,False,False,False,True,False,False,False,False,False,False,False,False,True,False,False,False,False,Standard,Standard,True,0.017352544200858893,0.9604667737316426,0.02218068206749854
22.0,20434.15,1694.8458333333335,7,6,8,4,12,14.0,10.6,0.0,1393.23,37.088362138400136,205.0,61.44926175114957,41.47429131764503,306.56103026453883,1,0,0.8181774137901502,1.9575074079420969,0.036256549441015765,232.205,3.0,0.2916666666666667,0.0,17.1,False,False,False,False,False,False,False,False,False,False,False,False,True,False,False,True,False,False,False,False,False,Standard,Standard,True,0.026329615307645687,0.7240727117704083,0.2495976729219461
45.0,9697.29,861.1075000000002,4,3,9,4,9,13.0,12.95,9.0,530.96,30.453018282372643,101.0,28.77453606166113,63.548405760410674,273.78780817792824,1,1,0.657041297104655,4.124863750594238,0.03341573039563716,176.98666666666668,2.25,0.2708333333333333,2.25,8.4,False,False,False,True,False,False,False,False,False,False,False,False,False,False,False,False,False,False,False,True,False,Standard,Poor,False,0.5988990335087089,0.3677836037643363,0.03331736272695485
47.0,106695.48,7810.766878898677,3,5,5,2,13,14.0,5.18,3.0,715.37,36.801133509098506,381.0,1130.7251751172157,147.85257800132413,854.1743679827837,2,0,0.08045739144713535,0.1874493652402145,0.14476493699638476,143.074,6.5,0.5833333333333334,1.0,31.8,False,False,False,False,False,False,False,False,False,False,True,False,False,False,False,False,True,False,False,False,False,Good,Good,True,0.036017863530680774,0.18022373970992722,0.7837583967593919
35.0,14802.98,1065.5816666666667,8,20,1,0,15,18.0,1.57,1.0,411.39,32.92617761715663,280.0,0.0,85.55974572482944,300.99842094183725,2,0,0.3334923103321088,0.0,0.0,20.569499999999998,5.2,0.2916666666666667,0.125,23.3,False,False,False,False,False,False,False,True,False,False,False,False,False,False,False,False,False,False,False,True,False,Good,Good,True,0.06569352314372502,0.16287596489309833,0.7714305119631765
36.0,56274.24000000001,4518.52,10,6,26,4,49,15.0,16.82,9.0,1611.31,36.60143163622961,130.0,152.83451809811672,425.5811302079985,163.43635169388492,1,1,0.3435980654736518,0.7108048016285958,0.03382402160400235,268.5516666666667,12.25,0.3125,0.9,10.8,False,False,False,False,False,True,False,False,False,False,False,False,False,False,False,False,False,False,False,False,True,Poor,Poor,True,0.9016857765623522,0.09752457450952522,0.0007896489281226706
34.0,73085.96,5947.496666666668,10,10,29,8,33,15.0,5.06,15.0,3870.22,32.96598503344273,14.0,367.0553672180876,144.15125972022156,323.54303972835754,0,1,0.6354522811221197,1.0946014802295816,0.06171594332709519,387.022,4.125,0.15625,1.5,1.2,False,False,False,False,False,False,False,False,True,False,False,False,False,False,False,False,False,False,False,False,True,Poor,Poor,True,0.9053368211632259,0.09386325390148027,0.0007999249352940411
41.0,21302.97,1799.2475000000004,8,3,15,0,19,18.0,12.52,4.0,481.28,30.33448360286654,394.0,48.939246188939286,97.96171741849363,293.0237863925672,1,1,0.2711058598871425,0.0,0.027199841149669113,160.42666666666665,5.2,0.2916666666666667,0.5,32.8,False,False,False,False,False,False,False,True,False,False,False,False,False,False,False,False,False,True,False,False,False,Standard,Standard,True,0.03391053095702066,0.8755562877142601,0.09053318132871928
34.0,61277.55,4876.4625,5,6,14,2,10,15.0,15.54,5.0,1380.47,33.75282465828664,95.0,88.56625811708618,189.5689973406004,459.51099454231337,1,1,0.27033783171814146,0.3263838061410745,0.01816198896578948,230.07833333333335,5.0,0.625,1.0,7.9,False,False,False,False,False,False,True,False,False,False,False,False,False,False,False,False,False,False,False,False,True,Standard,Standard,True,0.09658522726202813,0.885741732338157,0.017673040399814908
53.0,127708.48,10389.373333333331,7,3,13,3,11,1699.0,19.29,1.0,1123.12,35.556085675335325,385.0,207.27410955151103,718.0150279701725,383.64819581164977,1,1,0.10553285106830806,0.23491000754217733,0.01995058825025485,374.3733333333333,3.6666666666666665,47.19444444444444,0.14285714285714285,32.1,False,False,False,False,False,True,False,False,False,False,False,False,False,False,False,False,False,False,True,False,False,Standard,Standard,True,0.23913504583731304,0.6116127021496638,0.14925225201302317
34.0,68197.72,5880.1433333333325,10,6,23,9,39,22.0,19.87,11.0,4156.67,29.88700580144553,35.0,295.03600952422784,88.00417728318303,454.97414652592255,0,1,0.7314033372376672,1.319692212584233,0.05017496900997785,692.7783333333333,4.333333333333333,0.2037037037037037,1.1,2.9,False,False,False,False,False,False,False,False,True,False,False,False,False,False,False,False,True,False,False,False,False,Standard,Poor,False,0.7715271621666874,0.2176343969030409,0.010838440930271745
35.0,74270.8,3101.0853633916267,7,5,16,9,40,26.0,28.68,10.0,3955.65,36.77372752776848,166.0,391.0468209208228,116.196125751741,365.2803866607696,1,1,0.6391179305999127,1.2117817500282748,0.12609998600397723,791.13,4.444444444444445,0.24074074074074073,1.4285714285714286,13.8,False,False,False,False,False,False,False,False,False,False,False,False,False,True,False,True,False,False,False,False,False,Good,Good,True,0.26111236917537556,0.28844573149905184,0.4504418993255727
34.0,78113.56,6486.463333333332,0,4,9,2,8,7.0,10.28,2.0,978.3,38.49259828806957,294.0,103.3982068456582,129.45058361675376,621.9185052717324,2,1,0.15028888710231617,0.2560374920820406,0.015940613787840965,244.575,4.0,0.2916666666666667,1.0,24.5,False,False,False,False,False,False,False,False,False,False,False,False,False,True,False,False,True,False,False,False,False,Poor,Good,False,0.1987271286060391,0.27162630681564753,0.5296465645783134
34.0,14353.89,1285.1575,9,9,24,6,51,16.0,24.4,11.0,3259.17,25.965267394829887,31.0,71.05797218969101,52.3593461297437,265.0984316805653,0,1,2.7246997155474926,4.180051540035489,0.05529125588862922,362.13,8.5,0.2222222222222222,1.2222222222222223,2.6,False,True,False,False,False,False,False,False,False,False,False,False,False,False,False,False,False,True,False,False,False,Poor,Poor,True,0.6170084677223323,0.3409288396839621,0.04206269259370557
37.0,70088.36,6090.696666666668,6,7,21,9,56,17.0,23.6,7.0,4670.21,38.51008434319226,173.0,413.3316484062496,71.61745397040211,374.120564290015,0,1,0.7995981073034096,1.284093392968533,0.06786278664448066,667.1728571428572,6.222222222222222,0.1574074074074074,1.1666666666666667,14.4,False,False,False,False,False,True,False,False,False,False,False,False,False,False,False,False,True,False,False,False,False,Poor,Poor,True,0.7894842172868622,0.19505103774656254,0.015464744966575248
41.0,22416.225,1675.01875,0,6,3,3,15,11.0,6.93,2.0,397.34,31.987100495945047,233.0,39.03350853832032,129.45058361675376,334.5407558509695,2,0,0.212706644406005,1.3383163311396098,0.02330332632892636,66.22333333333333,5.0,0.3055555555555556,1.0,19.4,False,False,False,False,False,False,False,False,False,False,False,False,True,False,False,False,True,False,False,False,False,Standard,Poor,False,0.36951333647964074,0.33667919791656803,0.29380746560379123
34.0,20661.14,1626.7616666666663,8,8,18,7,20,11.0,9.29,6.0,1870.54,26.24600996357195,234.0,80.51185289485339,44.51797534040515,307.64633843140814,1,1,1.0864105272022744,3.3880027917143005,0.04949210111388171,233.8175,2.857142857142857,0.13095238095238096,0.75,19.5,False,False,False,False,False,False,False,False,False,False,False,False,False,False,True,False,False,False,True,False,False,Poor,Poor,True,0.7954893107874074,0.19818949329441563,0.006321195918177262
18.0,78858.4,6765.533333333333,4,5,16,2,31,14.0,14.84,8.0,1173.81,40.06820588963663,178.0,108.94280036682171,152.3768061577096,675.2337268088021,1,1,0.17862041329775902,0.25361914520203305,0.016102618226720985,234.762,15.5,0.5833333333333334,2.0,14.8,False,False,False,False,False,False,False,False,False,True,False,False,False,False,False,False,False,True,False,False,False,Standard,Standard,True,0.05258801085734675,0.9266340318065179,0.020777957336135123
25.0,71460.32,6038.026666666668,4,4,5,2,5,1.0,7.95,4.0,240.64,24.90865659046357,198.0,109.89586194843932,129.45058361675376,431.61170807227927,2,0,0.040409558759322645,0.2798756008929151,0.018200625471750036,60.16,2.5,0.041666666666666664,1.0,16.5,False,False,False,False,False,False,False,False,False,False,False,False,True,False,False,False,False,True,False,False,False,Standard,Standard,True,0.029678410243370718,0.5173812157610037,0.45294037399562564
25.0,24342.5,2057.541666666667,5,5,3,1,17,16.0,4.6,3.0,57.27,38.976993586321576,219.0,18.66976844009688,30.90276178213508,396.18163644443473,1,0,0.028232104344253876,0.4108041491219061,0.009073822777228591,11.454,17.0,1.3333333333333333,0.6,18.2,False,False,False,False,False,False,False,True,False,False,False,False,False,False,False,True,False,False,False,False,False,Standard,Standard,True,0.16628951422140723,0.638042656396868,0.19566782938172475
37.0,17955.38,3101.0853633916267,3,7,3,1,3,14.0,8.5,2.0,153.48,28.60668317921629,219.0,12.115802575917046,118.373539710046,302.3388243807036,2,0,0.10257427021873108,0.5569361383607587,0.003906955519168976,21.925714285714285,3.0,1.1666666666666667,0.6666666666666666,18.2,False,False,False,False,True,False,False,False,False,False,False,False,False,False,False,False,False,False,False,False,True,Good,Good,True,0.09138794023159384,0.14062921207906284,0.7679828476893432
29.0,20933.46,1857.455,7,5,27,3,46,20.0,14.05,9.0,1665.01,27.04822753740797,107.0,52.2718447022509,46.20044125655676,327.2732140411923,1,1,0.9544585558240253,1.4331123474093628,0.02814164795499805,333.002,15.333333333333334,0.5555555555555556,1.2857142857142858,8.9,False,False,False,False,False,False,False,False,True,False,False,False,False,False,False,True,False,False,False,False,False,Poor,Poor,True,0.8228048821889321,0.17601992770521654,0.0011751901058515222
34.0,100192.32,8171.3600000000015,8,4,100,4,12,9.0,9.98,1.0,1221.55,35.418871559233835,303.0,167.47365536369094,110.91405832347807,788.7482863128309,1,1,0.14630462694146615,0.39923219663942305,0.02049519974198798,305.3875,3.0,0.1875,0.125,25.2,False,False,False,True,False,False,False,False,False,False,False,False,False,False,False,False,True,False,False,False,False,Standard,Standard,True,0.08209334102377663,0.748577384751135,0.16932927422508826
43.0,44705.10000000001,3856.425000000001,7,10,19,2,25,12.0,9.39,16.0,2026.71,31.9646488458783,94.0,53.02425173976759,243.43296942199345,379.1852788382391,1,1,0.5440211519491063,0.4473762501370089,0.013749587179775978,202.671,12.5,0.5,2.2857142857142856,7.8,False,False,False,False,False,False,True,False,False,False,False,False,False,False,False,False,False,False,False,False,True,Poor,Poor,True,0.8986798928832068,0.09953036469177501,0.00178974242501837
40.0,30352.11,3101.0853633916267,0,5,7,1,12,3.0,9.11,0.0,644.57,38.822428478961264,283.0,16.483566223216688,60.681955753649085,414.5687280231343,1,0,0.25483697838469876,0.32946638635666514,0.0053154184073116815,128.91400000000002,12.0,0.25,1.0,23.6,False,False,True,False,False,False,False,False,False,False,False,False,False,False,False,False,False,True,False,False,False,Standard,Standard,True,0.09784317287072931,0.53441888820569,0.3677379389235808
30.0,112302.04,9220.503333333332,4,6,6,3,15,12.0,2.39,4.0,734.94,32.551103230442216,360.0,269.76107296541,175.70219268320758,716.5870676847155,2,0,0.07853178802450964,0.2671367323336246,0.02925665370025823,122.49000000000001,5.0,0.3333333333333333,1.0,30.0,False,False,False,False,False,False,False,False,False,True,False,False,False,False,False,True,False,False,False,False,False,Good,Good,True,0.05003150995541494,0.20707210756543623,0.7428963824791488
33.0,19786.36,1929.8633333333328,7,8,32,8,37,19.0,20.28,10.0,4132.83,31.56317164062489,65.0,20160.0,171.31559018012018,199.38345726199344,1,1,2.5064721353498065,4.04318934862198,10.446335578167023,516.60375,4.625,0.19791666666666666,1.4285714285714286,5.4,False,False,True,False,False,False,False,False,False,False,False,False,False,False,False,False,False,False,False,True,False,Poor,Poor,True,0.6139814336108593,0.3599654532691381,0.026053113120002608
20.0,101399.13,8535.9275,1,3,2,2,14,6.0,3.97,4.0,1061.06,26.198317193913603,295.0,132.67489652058006,835.8320716676545,175.0857818117654,2,0,0.12557030814761427,0.1972403510759905,0.015543114268552547,353.68666666666667,7.0,0.25,4.0,24.6,False,False,False,False,False,False,True,False,False,False,False,False,False,False,False,False,False,False,False,False,True,Standard,Standard,True,0.029389596391022444,0.5530840663696398,0.41752633723933763
39.0,8057.43,561.4525,4,9,17,0,27,13.0,13.12,11.0,1452.74,32.77822509405567,226.0,37.002055026919415,41.4828323250314,257.6603626480492,1,1,2.1635782129041146,0.0,0.06590415934904452,161.41555555555556,5.2,0.2916666666666667,2.75,18.8,False,False,False,False,False,False,False,False,False,False,False,True,False,False,False,False,False,False,False,True,False,Poor,Poor,True,0.8920188556433076,0.09379289803863411,0.014188246318058316
25.0,34447.49,2723.6241666666665,5,6,4,4,26,8.0,8.71,0.0,922.3,37.01048300493007,366.0,67.2362357555023,109.76272269773806,385.3634582134263,2,0,0.3212890111877527,1.1611876511176866,0.02468631192892888,153.71666666666667,6.5,0.16666666666666666,0.0,30.5,False,False,False,False,False,False,False,False,False,False,False,False,False,True,False,False,False,False,False,False,True,Good,Good,True,0.28163651293292746,0.15176031822643463,0.5666031688406379
38.0,83601.84,7235.82,9,5,29,7,64,17.0,17.87,9.0,4290.72,29.52290849272232,69.0,439.0918486343482,118.76404637627672,405.726104989375,0,1,0.6158792677290357,0.8373021455030176,0.0606830806507553,858.144,9.142857142857142,0.20238095238095238,1.0,5.8,False,False,False,False,False,False,False,False,True,False,False,False,False,False,False,True,False,False,False,False,False,Standard,Standard,True,0.2962643614615211,0.6697166761735801,0.03401896236489884
42.0,178088.4,14839.7,5,4,11,3,26,12.0,9.32,0.0,676.1,33.600184001658214,221.0,341.7256607676155,234.5693929778608,1147.6749462545235,2,0,0.04555715026919216,0.16845566583786478,0.023027801152827584,169.025,8.666666666666666,0.3333333333333333,0.0,18.4,False,False,False,True,False,False,False,False,False,False,False,False,False,False,False,True,False,False,False,False,False,Poor,Standard,False,0.3424587032877715,0.5587778963794976,0.0987634003327309
25.0,12985.715,1164.142916666667,4,3,15,1,5,13.0,9.02,4.0,355.39,37.15464747339532,372.0,8.733919706404741,85.0740150777285,292.60635688253336,1,1,0.3284131832556005,0.7700769653423012,0.00750244629019682,118.46333333333332,5.0,1.0833333333333333,1.0,31.0,False,False,False,False,False,False,False,False,False,True,False,False,False,False,False,False,False,False,True,False,False,Standard,Standard,True,0.02345732294232801,0.9322530560493677,0.04428962100830425
40.0,14208.865,1365.0720833333332,3,4,4,0,14,3.0,4.65,3.0,605.49,33.71648981388335,219.0,0.0,45.55685358093753,350.9503547523958,2,1,0.5113624487247926,0.0,0.0,151.3725,5.2,0.2916666666666667,1.0,18.2,False,False,False,False,False,False,False,True,False,False,False,False,False,False,False,False,False,True,False,False,False,Good,Good,True,0.042437037648105136,0.14144395937686838,0.8161190029750266
32.0,122503.12,9982.593333333332,3,7,7,0,29,17.0,6.32,5.0,333.32,31.91278139254644,212.0,0.0,173.21076709672113,1065.0485662366125,1,0,0.032650923503009556,0.0,0.0,47.61714285714286,5.2,0.2916666666666667,1.6666666666666667,17.7,False,False,False,False,False,False,False,True,False,False,False,False,False,False,False,False,False,False,False,False,True,Poor,Standard,False,0.24832331725801812,0.6529068554276387,0.09876982731434325
35.0,8304.89,811.0741666666668,3,4,20,3,16,20.0,13.27,7.0,1383.25,35.917073545755684,219.0,19.52466770230356,30.43555875666996,301.1471902076932,1,1,1.9987019695625108,3.6123296034023333,0.02407260458380221,345.8125,5.333333333333333,0.5555555555555556,2.3333333333333335,18.2,False,False,False,False,False,False,False,False,True,False,False,False,False,False,False,False,False,False,True,False,False,Standard,Standard,True,0.13391500406666285,0.8438330822950005,0.022251913638336677
34.0,80669.44,6502.453333333334,20,8,29,5,46,26.0,19.55,12.0,3461.24,34.967637658303474,169.0,190.42943498024985,129.45058361675376,615.8259995517352,0,1,0.5148775050378432,0.6198134014566111,0.029285782645152882,432.655,9.2,0.43333333333333335,0.6,14.1,False,False,False,False,False,True,False,False,False,False,False,False,False,False,False,True,False,False,False,False,False,Poor,Poor,True,0.6591763832385129,0.32319152955251,0.017632087208977014
38.0,31633.94,2729.1616666666664,9,6,26,5,23,15.0,9.21,8.0,1988.02,27.28891933972293,219.0,73.63276721552037,90.16511772140868,389.1182817297377,0,1,0.7541343253480282,1.5805808571426765,0.02697999466827251,331.33666666666664,4.6,0.25,0.8888888888888888,18.2,False,False,False,False,False,False,False,False,False,False,False,False,False,False,True,False,False,False,False,False,True,Poor,Poor,True,0.8660110119632215,0.13291785924718588,0.0010711287895924465
51.0,25795.66,1924.638333333333,5,7,9,0,28,19.0,1.38,1.0,777.94,36.8036548035862,355.0,0.0,146.94399224172403,335.5198410916093,1,0,0.3618934347870921,0.0,0.0,111.13428571428572,5.2,0.2916666666666667,0.2,29.6,False,False,True,False,False,False,False,False,False,False,False,False,False,False,False,False,False,False,False,False,True,Standard,Standard,True,0.08634954443336523,0.5534566749344093,0.36019378063222546
30.0,10367.01,1095.9175,7,7,34,5,36,20.0,11.43,6.0,1568.49,23.724566723018107,68.0,37.90425467357951,125.73752259760256,235.949972728818,1,1,1.815555304760003,4.82299139288956,0.034586777447736264,224.07,7.2,0.3333333333333333,0.8571428571428571,5.7,True,False,False,False,False,False,False,False,False,False,False,False,False,False,False,False,False,False,False,False,True,Poor,Poor,True,0.7910919196991704,0.2060260905998814,0.002881989700948217
28.0,15398.95,3101.0853633916267,1,7,5,4,0,0.0,8.41,8.0,343.84,30.97302502631501,343.0,34.81396985624466,123.416843254174,286.5937702229147,2,1,0.26794554174148233,2.597579705109764,0.011226382307054252,49.12,0.0,0.0,8.0,28.6,False,False,False,False,False,False,False,False,False,True,False,False,False,False,False,False,False,False,False,False,True,Standard,Standard,True,0.056026079570186994,0.8148378944782984,0.12913602595151485
30.0,16380.325,1170.0270833333334,7,5,12,0,14,8.0,6.99,0.0,1307.87,25.44780293997156,204.0,0.0,54.11221737125625,352.8904909620771,1,1,0.9581275096800581,0.0,0.0,261.57399999999996,5.2,0.2916666666666667,0.0,17.0,False,False,False,False,False,False,False,False,False,False,False,False,True,False,False,False,False,False,False,False,True,Standard,Standard,True,0.06458534421160946,0.875201947920965,0.06021270786742561
29.0,16285.675,1300.1395833333331,4,3,6,0,26,11.0,18.67,4.0,295.08,28.35242696674972,206.0,48.84413208671676,99.1115225263052,272.0583037203114,1,1,0.21742789291816272,0.0,0.03756837551356513,98.36,5.2,0.2916666666666667,1.0,17.2,False,False,False,False,True,False,False,False,False,False,False,False,False,False,False,False,False,False,False,False,True,Standard,Standard,True,0.03793832051457354,0.9284671344736365,0.03359454501178997
27.0,62325.9,5289.825,3,7,9,4,8,8.0,13.92,4.0,1302.86,28.15116367494987,286.0,200.1973416768789,334.1046633948639,284.68049492825713,2,0,0.2508478818597084,0.6417877639953855,0.037845740015384044,186.12285714285713,2.0,0.16666666666666666,1.3333333333333333,23.8,False,False,False,False,False,False,False,False,True,False,False,False,False,False,False,False,False,False,False,False,True,Good,Standard,False,0.08836061406678251,0.5233943106307659,0.38824507530245156
49.0,143665.12,12168.093333333332,0,4,2,0,4,6.0,7.77,5.0,93.25,36.702339284516725,348.0,0.0,1128.5456854284946,368.26364790483854,1,0,0.007788946962213237,0.0,0.0,23.3125,5.2,0.2916666666666667,1.0,29.0,False,False,False,False,True,False,False,False,False,False,False,False,False,False,False,False,False,False,False,True,False,Poor,Good,False,0.15023525423685202,0.16797333534430067,0.6817914104188474
38.0,16678.77,1101.8975,8,6,20,0,52,19.0,8.38,14.0,4312.53,37.21957942407359,62.0,90.74345288894855,36.61296696897908,232.8333301420724,1,1,3.102768369609989,0.0,0.08235199089656574,718.755,5.2,0.2916666666666667,1.75,5.2,False,False,False,False,False,True,False,False,False,False,False,False,False,False,False,False,True,False,False,False,False,Standard,Poor,False,0.5608918534245898,0.41117099747037084,0.02793714910503951
34.0,64363.92,5611.66,4,6,6,5,25,14.0,18.91,5.0,978.79,30.205521824600982,110.0,176.84397797937385,211.3214888627892,423.00053315783697,1,1,0.1824854670131962,0.7768327348613945,0.03151366582782525,163.13166666666666,5.0,0.23333333333333334,1.25,9.2,False,False,False,False,False,True,False,False,False,False,False,False,False,False,False,False,True,False,False,False,False,Standard,Standard,True,0.019470008136626114,0.966820873402293,0.013709118461080916
29.0,93363.45,8019.287500000001,20,7,15,3,27,15.0,16.68,4.0,352.86,39.44369478432171,315.0,199.1752875163028,549.5981806533616,333.15528183033564,1,1,0.0453530798187085,0.321324886773143,0.02483703041153005,50.40857142857143,9.0,0.4166666666666667,0.2,26.2,False,False,False,False,False,True,False,False,False,False,False,False,False,False,False,False,False,False,False,True,False,Standard,Standard,True,0.03083561328140516,0.8944710926770735,0.07469329404152136
21.0,20027.29,1491.940833333333,6,9,26,5,52,13.0,12.3,9.0,2174.74,38.68414357177189,80.0,52.274177856118776,98.41714813820307,288.5027573390114,1,1,1.303065966488726,2.4965933983080086,0.03503770168909879,241.63777777777776,10.4,0.21666666666666667,1.5,6.7,False,False,False,False,False,False,False,False,True,False,False,False,False,False,False,False,False,False,False,False,True,Poor,Poor,True,0.8372296549346201,0.16205958640632243,0.0007107586590575235
49.0,114082.64,3101.0853633916267,6,3,9,0,27,3881.0,10.61,3.0,44.01,39.904441538556135,263.0,0.0,186.88917261645503,1013.9994940502116,1,0,0.004629275760098118,0.0,0.0,14.67,5.2,0.2916666666666667,0.5,21.9,True,False,False,False,False,False,False,False,False,False,False,False,False,False,False,False,True,False,False,False,False,Standard,Standard,True,0.1538762606787812,0.7002471827398687,0.14587655658135024
26.0,87263.22,7297.935,8,6,16,1,21,14.0,7.82,8.0,135.88,28.139419680755942,321.0,67.17035351661022,129.45058361675376,827.0503436648224,1,1,0.01868553555552958,0.11459581711516031,0.009204021893400012,22.646666666666665,21.0,1.1666666666666667,1.0,26.8,False,False,False,False,False,False,False,False,True,False,False,False,False,False,False,True,False,False,False,False,False,Standard,Standard,True,0.029752183951790478,0.9314410827567502,0.038806733291459415
38.0,98330.8,8399.233333333334,7,5,13,4,8,9.0,18.45,6.0,1050.52,25.03560997413227,274.0,209.7738216597944,366.2070608945726,523.9424507789663,1,1,0.128202353687756,0.40679014103414185,0.024975353503668318,210.10399999999998,2.0,0.1875,0.8571428571428571,22.8,False,False,False,False,False,False,False,True,False,False,False,False,False,False,False,False,False,True,False,False,False,Standard,Standard,True,0.05345830722934061,0.8791659833821045,0.06737570938855486
45.0,28485.76,2230.813333333333,6,7,15,6,24,18.0,17.96,6.0,4770.24,39.334270814399616,167.0,128.89579910766787,45.16713933929139,299.01839488637404,0,1,2.0095261632478825,2.106315576624952,0.05777973315009229,681.4628571428572,4.0,0.25,1.0,13.9,False,False,False,False,False,False,False,True,False,False,False,False,False,False,False,False,True,False,False,False,False,Good,Standard,False,0.2940668624988721,0.6170498905482411,0.0888832469528867
18.0,172074.88,14238.573333333336,2,6,11,3,15,10.0,11.6,5.0,59.21,36.14865368643692,260.0,391.62936955658967,204.4709382311553,1067.7570255455885,2,0,0.0041291326194735686,0.17434270475737074,0.027504818101386767,9.868333333333334,5.0,0.2777777777777778,2.5,21.7,False,False,False,False,False,False,True,False,False,False,False,False,False,False,False,True,False,False,False,False,False,Poor,Standard,False,0.3487549648176744,0.5517894385127008,0.09945559666962495
26.0,163380.76,13446.063333333335,3,3,10,2,9,0.0,3.91,4.0,340.43,31.10501995994654,247.0,198.63256609212087,779.3411945068738,626.6325727343387,2,0,0.02500392335058302,0.12241343472756522,0.01477254428808934,113.47666666666667,4.5,0.0,1.3333333333333333,20.6,False,False,False,True,False,False,False,False,False,False,False,False,False,False,False,False,False,True,False,False,False,Poor,Poor,True,0.3556738238393123,0.2956439028767633,0.34868227328392437
47.0,20867.67,1489.9725,1,3,11,1,13,8.0,1.1,4.0,884.52,38.03282739239128,380.0,16.83718937945217,129.45058361675376,337.14374152465405,2,0,0.5086451913414387,0.4792101849415867,0.011300335663545581,294.84,13.0,0.6666666666666666,4.0,31.7,False,False,False,False,False,False,False,False,False,False,False,False,False,False,True,True,False,False,False,False,False,Good,Good,True,0.05700246153962498,0.09550759131325048,0.8474899471471247
42.0,9841.34,690.1116666666667,8,9,31,5,61,15.0,29.52,10.0,4984.82,37.82197102652432,60.0,36.67512791916932,20.40645221387888,271.92958653361853,1,1,6.078221055262799,5.080608941465288,0.05314375874315411,553.8688888888888,12.2,0.25,1.25,5.0,False,False,False,False,False,False,False,False,False,False,False,False,True,False,False,False,False,True,False,False,False,Standard,Standard,True,0.13034964711263086,0.8314282017937135,0.038222151093655586
34.0,50811.27,4387.2725,6,4,20,3,18,14.0,8.01,5.0,1274.59,36.19643285105103,76.0,22779.0,99.15461151728248,472.24317492253306,1,1,0.3010174711240242,0.5904201961493977,5.1920640899328685,318.6475,6.0,0.3888888888888889,0.8333333333333334,6.3,False,False,False,False,False,False,False,False,False,True,False,False,False,False,False,True,False,False,False,False,False,Standard,Standard,True,0.14471717799667957,0.8042381023573691,0.05104471964595112
34.0,17509.0,3101.0853633916267,10,9,20,4,24,16.0,14.5,11.0,2421.12,37.82620235071907,180.0,53.880713226640026,103.35122352902586,298.4763965776674,0,1,1.6593431949283226,2.2845393797475584,0.017374792020465768,269.0133333333333,6.0,0.3333333333333333,1.1,15.0,False,False,False,False,False,False,False,True,False,False,False,False,False,False,False,False,False,False,False,False,True,Poor,Poor,True,0.7902420635513048,0.20830165767679562,0.0014562787718997265
40.0,171873.32,14285.776666666668,3,5,11,0,6,5.0,4.03,2.0,932.23,26.516013750694142,219.0,0.0,1417.8948144578976,290.6828522087692,2,0,0.06508723983454791,0.0,0.0,186.446,5.2,0.2916666666666667,0.6666666666666666,18.2,False,False,False,False,False,False,False,False,True,False,False,False,False,False,False,False,False,False,False,True,False,Good,Standard,False,0.08270334382357974,0.49740439588845226,0.419892260287968
50.0,21755.79,1731.9825,8,4,20,2,8,20.0,9.3,3.0,604.9,26.94064873393812,219.0,31.155358174966764,107.2039110016927,294.8389808233406,1,1,0.3336491113400157,0.9192955070811035,0.017988263839251704,151.225,4.0,0.8333333333333334,0.375,18.2,False,False,True,False,False,False,False,False,False,False,False,False,False,False,False,False,False,True,False,False,False,Standard,Standard,True,0.028746960672086663,0.889089884051223,0.0821631552766904
34.0,31741.57,2858.130833333333,4,4,15,0,23,8.0,9.78,7.0,1231.17,24.356681163727032,385.0,16.904100749323593,122.98982067351956,405.9191619104902,1,1,0.4654476763436718,0.0,0.005914390115447921,307.7925,5.2,0.2916666666666667,1.75,32.1,False,False,False,False,False,False,False,True,False,False,False,False,False,False,False,False,False,True,False,False,False,Standard,Standard,True,0.037139568169978925,0.9103125517768875,0.052547880053133524
22.0,115832.24,9902.686666666666,8,5,4,1,13,14.0,4.86,0.0,211.14,42.11514603521887,388.0,94.1867855083695,174.8632390533712,961.218642104926,2,0,0.021873702865454384,0.08633175012414504,0.009511235554428949,42.227999999999994,13.0,1.1666666666666667,0.0,32.3,False,False,False,False,False,False,False,False,False,False,False,False,True,False,False,True,False,False,False,False,False,Good,Good,True,0.08449092478738766,0.18090792063059982,0.7346011545820126
54.0,65598.44,5593.536666666668,1,3,11,1,8,2.0,3.34,2.0,306.98,39.87123677408809,394.0,33.10606029004169,124.24243921658235,642.0051671600427,2,0,0.056156213470930104,0.1524426495508125,0.005918627563010227,102.32666666666667,8.0,0.16666666666666666,2.0,32.8,False,False,False,False,False,False,False,False,False,False,False,False,True,False,False,True,False,False,False,False,False,Good,Good,True,0.10628524895090048,0.39564620858978716,0.49806854245931226
20.0,56304.16,4458.013333333333,5,7,13,5,15,15.0,8.8,8.0,1171.42,38.27852205921135,191.0,157.48443950646282,48.58393882183281,489.73295500503775,1,1,0.2496625471368368,0.8880338504295242,0.03532614815862585,167.3457142857143,3.0,0.25,1.6,15.9,False,False,False,False,False,False,False,False,False,False,False,False,False,False,True,False,True,False,False,False,False,Standard,Standard,True,0.03469347277396044,0.9189004520594155,0.046406075166624004
51.0,171292.56,14070.38,1,5,9,3,3,14.0,5.49,4.0,393.01,28.85153664278653,382.0,283.6633192985098,856.7845825178467,546.5900981836436,2,0,0.027532544320664015,0.17513895524709305,0.02016031687122237,78.602,1.0,0.3888888888888889,4.0,31.8,False,False,False,False,False,False,False,True,False,False,False,False,False,False,False,False,False,False,False,True,False,Good,Good,True,0.04623928625233665,0.26375279202873786,0.6900079217189253
54.0,29508.41,3101.0853633916267,7,4,9,1,18,14.0,10.75,4.0,333.86,27.221134629992555,237.0,16.547212199490982,32.35159606871025,448.70460839846544,1,0,0.1357687520269645,0.33888643949301234,0.005335942181673276,83.465,18.0,1.1666666666666667,0.5714285714285714,19.8,True,False,False,False,False,False,False,False,False,False,False,False,False,False,False,True,False,False,False,False,False,Standard,Standard,True,0.05318675814325504,0.7741372610755479,0.17267598078119714
22.0,68289.32,5411.7766666666685,1,20,1,3,0,2.0,9.57,4.0,957.71,31.309143229774623,313.0,129.83790962923132,88.24663923194989,573.0931178054858,2,0,0.16829161573142035,0.4393073470346461,0.02399173462366911,47.8855,0.0,0.05555555555555555,4.0,26.1,False,False,True,False,False,False,False,False,False,False,False,False,False,False,False,False,True,False,False,False,False,Good,Good,True,0.03617539246144525,0.0792089814689465,0.8846156260696083
29.0,44219.46,3855.955,6,7,12,7,24,9.0,18.21,20.0,1685.8,35.39567836302066,94.0,206.32103892874747,129.45058361675376,315.61763493840215,1,1,0.4574818417049869,1.583013451543732,0.05350711793284607,240.82857142857142,3.4285714285714284,0.10714285714285714,3.3333333333333335,7.8,False,False,False,False,False,False,False,False,False,False,False,False,True,False,False,False,False,False,False,True,False,Poor,Standard,False,0.424700015658282,0.5555069032151233,0.01979308112659471
29.0,30028.29,2286.3575,3,6,10,4,15,17.0,9.39,8.0,1410.84,33.854331748205354,84.0,76.32040533141058,91.63147572705876,310.6838689415307,1,1,0.5638043325144388,1.3320771845483041,0.033380783771308986,235.14,3.75,0.3541666666666667,2.6666666666666665,7.0,False,False,False,False,False,False,False,False,False,False,False,False,True,False,False,False,True,False,False,False,False,Standard,Standard,True,0.1411817567500674,0.8211095434494743,0.037708699800458344
36.0,147221.48,3101.0853633916267,20,4,20,4,9,14.0,19.07,4.0,722.28,39.357074816348494,310.0,309.61136434854456,510.0209925793018,655.0133097388205,1,1,0.058872930770700035,0.2716994829830538,0.09983967806997923,180.57,2.25,0.2916666666666667,0.2,25.8,False,False,False,False,False,False,False,True,False,False,False,False,False,False,False,False,False,False,True,False,False,Good,Standard,False,0.06279896616350722,0.7537960800084201,0.1834049538280728
45.0,44258.1,3867.175,2,6,11,1,10,0.0,2.64,2.0,345.23,42.121879622703226,384.0,23.661054451289488,129.45058361675376,466.4056948936438,2,0,0.09360456052112495,0.22594734071277348,0.006118433857089344,57.538333333333334,10.0,0.0,1.0,32.0,False,False,False,False,False,False,False,True,False,False,False,False,False,False,False,False,True,False,False,False,False,Standard,Good,False,0.053506841610876855,0.11177056478276047,0.8347225936063628
23.0,15987.51,1155.2925,10,6,30,7,55,24.0,18.98,6.0,2698.66,38.884941946492425,11.0,67.96593726449282,110.11822912775428,227.4450836077529,0,1,2.0255762154331722,4.378417902475119,0.058830068804647154,449.77666666666664,7.857142857142857,0.2857142857142857,0.6,0.9,False,True,False,False,False,False,False,False,False,False,False,False,False,False,False,False,False,False,False,False,True,Standard,Standard,True,0.13685870664695457,0.852514291283811,0.010627002069234484
40.0,106789.36,8673.113333333333,3,3,20,3,24,16.0,11.32,2.0,155.69,32.09138061946525,230.0,137.8283483107067,886.8244069890344,122.65857803359222,1,0,0.01749500137466879,0.28092686387482796,0.01589145016484354,51.89666666666667,8.0,0.4444444444444444,0.6666666666666666,19.2,False,False,False,False,False,False,False,False,True,False,False,False,False,False,False,False,False,False,False,True,False,Standard,Standard,True,0.019553190540595313,0.92275514440063,0.05769166505877452
46.0,156470.0,3101.0853633916267,1,3,8,3,8,6.0,2.58,3.0,1382.45,28.572879628669902,398.0,261.8310155128568,521.6607494254532,761.4249017283568,2,0,0.10602287978526236,0.19173004409791014,0.08443205679010873,460.81666666666666,2.6666666666666665,0.16666666666666666,3.0,33.2,False,False,False,False,False,False,False,False,False,True,False,False,False,False,False,False,False,True,False,False,False,Good,Good,True,0.04033087006555638,0.2212389134374256,0.7384302164970181
47.0,129575.12,10795.926666666666,3,3,8,3,3,1.0,7.47,4.0,1119.28,38.20120756949893,378.0,306.33002032943284,388.4079315267537,674.8547148104801,2,0,0.10365693660943552,0.23152592874311057,0.028374592546580795,373.0933333333333,1.0,0.027777777777777776,1.3333333333333333,31.5,False,False,False,False,False,False,False,False,False,True,False,False,False,False,False,False,False,False,False,False,True,Standard,Standard,True,0.052249185259193164,0.6285831758590943,0.3191676388817124
34.0,36776.48,3101.0853633916267,6,5,20,6,62,15.0,6.43,11.0,2418.37,30.147618181588715,179.0,105.91828209412095,129.45058361675376,326.06057079937,0,1,0.7891032529486236,1.631477509538705,0.03415522943821165,483.674,10.333333333333334,0.20833333333333334,1.8333333333333333,14.9,False,False,True,False,False,False,False,False,False,False,False,False,False,False,False,False,False,False,False,False,True,Standard,Poor,False,0.8648856974013196,0.13415880139658784,0.0009555012020925204
39.0,32777.51,2701.459166666667,5,4,1,3,5,7.0,4.22,2.0,653.37,34.34154356789433,312.0,64.97590909904875,160.6338870506607,324.53612051695734,1,0,0.23920181856400927,0.9152617145109557,0.024052152962660764,163.3425,1.6666666666666667,0.19444444444444445,0.4,26.0,True,False,False,False,False,False,False,False,False,False,False,False,False,False,False,False,False,False,False,True,False,Good,Good,True,0.07266428888917686,0.14638147637272328,0.7809542347380999
32.0,16590.27,1204.5225,8,6,22,7,25,24.0,1.59,7.0,2547.85,26.39152728933848,189.0,52.68073754080175,142.32952297275827,215.44198948644,0,1,1.8428994826485643,4.219340613504181,0.043735785376198245,424.64166666666665,3.5714285714285716,0.2857142857142857,0.875,15.8,False,False,False,False,False,False,False,False,False,False,False,False,False,True,False,False,False,False,False,False,True,Poor,Poor,True,0.9193386230764956,0.08013759815513331,0.0005237787683710997
44.0,8540.855,561.7379166666666,10,10,26,3,29,14.0,20.54,7.0,2310.04,39.00520795412781,94.0,12.151200623775711,52.78176162775773,281.24082941513325,1,1,3.245632902092355,3.512528897867954,0.021631441039053435,231.004,9.666666666666666,0.3888888888888889,0.7,7.8,False,False,False,False,False,False,False,False,False,False,False,False,False,True,False,False,False,False,False,False,True,Poor,Poor,True,0.6698765081758369,0.32858415372839933,0.0015393380957634973
24.0,80230.68,3101.0853633916267,4,5,31,2,10,10.0,9.42,7.0,2696.61,41.30681218273636,169.0,100.0622810824815,74.72126440118781,715.4054545163307,1,1,0.40332850226372263,0.24928119766652862,0.032266858005174155,539.322,5.0,0.4166666666666667,1.75,14.1,False,False,False,False,False,False,False,False,True,False,False,False,False,False,False,True,False,False,False,False,False,Poor,Poor,True,0.9060306512292149,0.09178041679324074,0.0021889319775444073
37.0,104158.68,8387.89,4,3,15,3,14,13.0,11.78,0.0,330.7,34.364382317203344,354.0,225.65380199533715,363.6216325959157,529.5135654087471,1,0,0.03809956116955399,0.28802208322916534,0.02690233205196267,110.23333333333333,4.666666666666667,0.3611111111111111,0.0,29.5,False,True,False,False,False,False,False,False,False,False,False,False,False,False,False,False,False,False,False,True,False,Standard,Standard,True,0.0682346534714587,0.8943238362948597,0.037441510233681474
52.0,41911.84,3321.653333333333,3,5,13,1,15,14.0,4.64,4.0,332.23,29.076816912230655,224.0,29.34884564684048,129.45058361675376,371.52187662820825,1,0,0.09512252385006242,0.23859606259233668,0.008835613684402291,66.446,15.0,1.1666666666666667,1.3333333333333333,18.7,False,False,False,False,False,False,False,True,False,False,False,False,False,False,False,False,False,False,False,True,False,Standard,Standard,True,0.1415043533843552,0.7751465517040069,0.08334909491163774
23.0,44178.15,3446.5125000000007,4,3,6,4,0,0.0,10.08,4.0,300.68,31.10145092172347,215.0,123.54990197499907,238.0882810368049,243.0130669881961,2,1,0.08167295371128035,0.9054249668671052,0.03584780324313318,100.22666666666667,0.0,0.0,1.0,17.9,False,False,False,False,False,False,False,False,False,False,False,False,True,False,False,False,False,True,False,False,False,Good,Good,True,0.046674596074050355,0.17909254590531024,0.7742328580206395
37.0,94052.22,7704.685,4,4,13,1,25,15.0,9.41,8.0,76.99,30.05570563787512,257.0,39.57533226280032,286.1367370001336,694.7564307370662,1,1,0.009823053618511077,0.1063239123967515,0.00513652826336188,19.2475,25.0,1.25,2.0,21.4,False,False,False,True,False,False,False,False,False,False,False,False,False,False,False,False,True,False,False,False,False,Standard,Standard,True,0.03564233610978643,0.9180286986164911,0.04632896527372251
30.0,167860.16,13773.346666666665,3,7,4,2,1,9.0,11.19,4.0,706.55,40.13283835078984,274.0,218.3282681812423,154.8450324922967,1254.1613659931274,2,0,0.05050990062204158,0.11914679456995632,0.015851504609959887,100.93571428571428,0.5,0.375,1.3333333333333333,22.8,False,False,True,False,False,False,False,False,False,False,False,False,False,False,False,False,True,False,False,False,False,Standard,Standard,True,0.060741517525897716,0.7583510049761465,0.18090747749795577
42.0,16540.38,1577.365,10,5,28,7,59,14.0,6.279999999999999,9.0,2377.8,27.331218979332743,130.0,94.4635889060092,129.45058361675376,181.4358854902106,0,1,1.7250873317299846,4.232067219737394,0.05988695635189649,475.56000000000006,8.428571428571429,0.16666666666666666,0.9,10.8,False,False,False,False,False,False,False,False,True,False,False,False,False,False,False,False,False,False,False,False,True,Poor,Poor,True,0.8742647522400082,0.12441386656618665,0.001321381193805169
33.0,18292.21,1477.3508333333332,8,7,25,7,49,18.0,20.73,8.0,3489.9,34.354297701595286,79.0,103.58768147436204,117.28483768038816,206.8625641785832,0,1,2.2894335894897337,3.826765601313346,0.07011718485353821,498.5571428571429,7.0,0.21428571428571427,1.0,6.6,True,False,False,False,False,False,False,False,False,False,False,False,False,False,False,False,False,False,False,True,False,Standard,Standard,True,0.4241292570281076,0.556978640805268,0.018892102166624174
34.0,19433.48,3101.0853633916267,6,7,33,6,34,17.0,22.15,8.0,3596.69,24.71882482578148,80.0,71.31558128827345,129.45058361675376,243.8118116203333,0,1,2.2209238901112927,3.0874552576275582,0.02299697458514212,513.8128571428572,5.666666666666667,0.2361111111111111,1.3333333333333333,6.7,False,False,False,False,False,False,False,False,False,False,False,True,False,False,False,False,False,True,False,False,False,Poor,Poor,True,0.6048834137318931,0.37499771499131707,0.02011887127678992
32.0,20059.775,1646.6479166666668,3,7,5,4,10,8.0,4.01,2.0,841.07,35.429410711881964,373.0,46.33143453468136,63.273525289950456,315.0598318420349,2,0,0.503138245568557,1.9940403120174577,0.028136819089092678,120.15285714285714,2.5,0.16666666666666666,0.6666666666666666,31.1,False,True,False,False,False,False,False,False,False,False,False,False,False,False,False,False,False,True,False,False,False,Good,Good,True,0.08659498938584642,0.326546016540256,0.5868589940738976
30.0,12186.425,991.5354166666666,6,5,8,1,25,20.0,8.95,6.0,176.84,26.94098823166812,217.0,9.584437904114782,99.04621365261556,280.52289010993627,2,0,0.17413474419282113,0.8205852003356194,0.00966625875688399,35.368,25.0,1.6666666666666667,1.0,18.1,False,True,False,False,False,False,False,False,False,False,False,False,False,False,False,False,False,False,False,False,True,Standard,Good,False,0.06380562996258275,0.20575259154883518,0.7304417784885823
48.0,64696.24,5319.3533333333335,5,3,9,4,30,8.0,5.25,4.0,1038.25,37.08891056869077,373.0,122.81481956935689,506.901634319076,182.21887944490047,2,0,0.19257687927459152,0.6182739522420468,0.023088298872674412,346.0833333333333,7.5,0.16666666666666666,0.8,31.1,False,False,True,False,False,False,False,False,False,False,False,False,False,False,False,False,False,False,False,False,True,Poor,Poor,True,0.6705336672366563,0.20813237994807035,0.12133395281527319
52.0,143372.68,3101.0853633916267,2,4,10,0,10,10.0,-1.83,0.0,159.96,43.31484843892058,271.0,0.0,264.55924488898245,1157.7130884443511,1,0,0.013388324749178157,0.0,0.0,39.99,5.2,0.2916666666666667,0.0,22.6,False,False,False,False,False,False,False,True,False,False,False,False,False,False,False,True,False,False,False,False,False,Standard,Good,False,0.06628362636882164,0.45419344629527486,0.4795229273359036
33.0,19801.67,3101.0853633916267,6,7,31,7,39,20.0,8.73,8.0,1515.99,36.26334428097347,172.0,115.3680516169172,110.81025183414766,229.0356132156018,0,1,0.9187043315033531,3.5350553766424753,0.037202475294243524,216.57,5.571428571428571,0.23809523809523808,1.3333333333333333,14.3,False,True,False,False,False,False,False,False,False,False,False,False,False,False,False,False,False,False,True,False,False,Standard,Poor,False,0.7649168674474253,0.23414196781850846,0.0009411647340663745
44.0,68380.29000000001,5448.357500000001,4,4,18,3,26,18.0,4.74,9.0,1293.3,39.32467189052692,236.0,105.88783710758332,156.1156555022316,532.8322573901852,1,0,0.22696013719742922,0.4387229126989663,0.01943481812777214,323.325,8.666666666666666,0.5,2.25,19.7,False,False,False,False,False,False,False,False,False,False,False,False,False,False,True,False,True,False,False,False,False,Standard,Standard,True,0.10254281117567736,0.8691641177604374,0.028293071063885174
39.0,76428.0,6532.0,10,7,16,6,36,18.0,12.12,12.0,2136.57,34.487485692101835,160.0,330.756313581311,635.6790567602087,336.9411560656588,0,1,0.33546396608572776,0.7850525985241011,0.05063630030332379,305.2242857142857,6.0,0.25,1.2,13.3,False,False,False,False,False,True,False,False,False,False,False,False,False,False,False,False,False,False,False,False,True,Poor,Poor,True,0.6050845226305596,0.3888365456584708,0.006078931710969617
41.0,60106.11,4895.8425,6,9,32,3,32,15.0,12.5,12.0,1462.16,23.114547356909757,233.0,102.24267854871673,418.0673551686093,239.274216282674,1,1,0.291915747001428,0.49911731103543383,0.020883571836454447,162.46222222222224,10.666666666666666,0.4166666666666667,2.0,19.4,False,False,False,False,False,False,False,False,False,False,False,False,False,False,True,False,False,False,True,False,False,Poor,Poor,True,0.9289992910064035,0.06886024343273374,0.002140465560862687
21.0,8294.385,946.19875,7,7,26,7,6,10.0,13.59,4.0,1756.74,24.263828833396197,229.0,48.03206275820146,89.52914740708844,247.05866483471007,1,1,2.5415844574371698,8.439444274650864,0.05076318559731923,250.96285714285713,0.8571428571428571,0.11904761904761904,0.5714285714285714,19.1,False,False,False,False,False,True,False,False,False,False,False,False,False,False,False,False,False,False,False,False,True,Poor,Poor,True,0.9049692133123503,0.09112770352827897,0.003903083159370974
37.0,32995.78,2540.648333333333,9,6,16,4,20,19.0,15.69,8.0,1338.2,28.555355871688533,201.0,105.68703389448248,52.34552126787084,356.03227817098,1,1,0.48668041792010985,1.2122762365369149,0.04159845048520391,223.03333333333333,5.0,0.3958333333333333,0.8888888888888888,16.8,False,False,False,False,False,False,False,False,False,True,False,False,False,False,False,False,False,True,False,False,False,Poor,Standard,False,0.4449288421520204,0.5142643489444193,0.04080680890356042
23.0,117502.8,9935.9,3,5,16,1,16,20.0,11.14,2.0,953.87,33.06329833729935,231.0,96.48132014804077,317.13810187333314,829.9705779786262,1,0,0.09741418927889378,0.08510435496005202,0.009710375521899453,190.774,16.0,1.6666666666666667,0.6666666666666666,19.2,False,False,False,False,False,False,False,False,False,False,True,False,False,False,False,False,True,False,False,False,False,Standard,Standard,True,0.08059098511661965,0.8584614801791929,0.06094753470418759
51.0,35205.45,3165.7875,3,7,7,3,8,9.0,9.06,4.0,671.94,26.909040272381034,219.0,57.5149367240526,122.3931214001802,396.6706918757672,2,0,0.2290349931615702,0.8521407907014398,0.0181676555119548,95.99142857142859,2.6666666666666665,0.25,1.3333333333333333,18.2,False,False,False,False,False,False,False,True,False,False,False,False,False,False,False,False,False,True,False,False,False,Standard,Standard,True,0.11967779166243575,0.6038510063730774,0.2764712019644868
30.0,16472.09,3101.0853633916267,4,3,6,0,13,6.0,7.4,4.0,727.41,27.57552229669518,388.0,0.0,119.38909847327776,326.97831819338893,1,0,0.5299218253421393,0.0,0.0,242.47,5.2,0.2916666666666667,1.0,32.3,False,False,False,False,False,False,False,True,False,False,False,False,False,False,False,False,False,False,False,False,True,Good,Good,True,0.06440123907602802,0.2404055427794228,0.6951932181445492
41.0,9559.285,789.6070833333333,8,7,6,6,12,17.0,8.46,6.0,1234.79,30.47809108656704,219.0,37.73284387974515,90.8452344047151,240.3826300488731,1,1,1.5500615370291815,6.276620061019209,0.04778686092892633,176.39857142857142,2.0,0.2361111111111111,0.75,18.2,False,False,False,False,False,False,False,False,False,False,False,False,True,False,False,False,False,False,False,False,True,Standard,Standard,True,0.045774228967600326,0.92327677627862,0.03094899475377964
24.0,68454.96,5820.580000000001,8,9,19,5,60,15.0,8.08,16.0,2407.21,32.60832883068865,231.0,160.51367457785037,129.45058361675376,311.25220071105724,1,1,0.4219784804490426,0.7304072634035575,0.027576920955961492,267.46777777777777,12.0,0.25,2.0,19.2,True,False,False,False,False,False,False,False,False,False,False,False,False,False,False,False,False,False,False,False,True,Poor,Poor,True,0.8705665752618194,0.12760185928238985,0.0018315654557910465
18.0,94913.16,8128.43,7,5,10,3,19,10.0,1.51,3.0,740.42,31.19071768887622,253.0,131.99834597442407,89.39788366455092,831.4467703610251,1,0,0.09361230834586057,0.31607840261561193,0.016239094877414713,148.084,6.333333333333333,0.2777777777777778,0.42857142857142855,21.1,False,False,False,False,True,False,False,False,False,False,False,False,False,False,False,True,False,False,False,False,False,Standard,Standard,True,0.16959567696571765,0.7499868588713626,0.08041746416291981
32.0,122847.88,10266.323333333334,3,20,10,3,29,9.0,10.2,5.0,875.3,36.96660413665877,305.0,297.99395058276235,195.4579273742771,783.1804553762939,2,0,0.08550086497219161,0.24420445839195595,0.029026355483585557,43.765,9.666666666666666,0.25,1.6666666666666667,25.4,False,False,False,False,False,False,False,False,False,False,True,False,False,False,False,False,True,False,False,False,False,Poor,Poor,True,0.8371803208383004,0.08841056046887596,0.07440911869282378
42.0,63901.05,5409.0875,4,6,19,0,21,20.0,10.49,5.0,1253.04,29.65455216522639,313.0,0.0,106.79894250209298,674.109807497907,1,0,0.2353088094796564,0.0,0.0,208.84,5.2,0.2916666666666667,1.25,26.1,False,False,False,False,True,False,False,False,False,False,False,False,False,False,False,True,False,False,False,False,False,Standard,Standard,True,0.05616489684410303,0.8858497037536122,0.0579853994022849
32.0,100310.08,3101.0853633916267,3,3,5,1,10,14.0,9.63,4.0,904.83,32.02078648197812,274.0,47.04307587837848,323.21115509689645,711.7631023580586,1,1,0.10824395713770739,0.09969087852387318,0.015169874532872558,301.61,10.0,1.1666666666666667,1.3333333333333333,22.8,False,False,False,False,False,False,False,True,False,False,False,False,False,False,False,False,True,False,False,False,False,Standard,Standard,True,0.038395313610201036,0.837381583826692,0.12422310256310694
34.0,18567.28,1745.629791748223,4,6,18,6,27,8.0,11.95,8.0,1959.68,23.4045735769516,210.0,85.03643928555,167.8549671183016,225.4794685145921,1,1,1.2665376942664732,3.2314910961648664,0.04871390239071667,326.61333333333334,4.5,0.1111111111111111,2.0,17.5,False,False,False,False,False,False,False,False,False,False,False,False,True,False,False,False,False,False,False,True,False,Poor,Poor,True,0.7674844009488639,0.22652803591913873,0.005987563131997313
30.0,15548.34,1291.695,7,10,33,0,35,26.0,15.71,11.0,1398.98,31.793992740804505,208.0,58.15498589550572,46.819227086646535,284.19528701784776,0,1,1.0797139758971055,0.0,0.045022227302502306,139.898,5.2,0.2916666666666667,1.5714285714285714,17.3,False,False,False,False,False,False,False,True,False,False,False,False,False,False,False,False,False,True,False,False,False,Standard,Poor,False,0.8907052914773329,0.10058042757477459,0.008714280947892521
39.0,20618.37,3101.0853633916267,6,6,22,2,34,19.0,20.74,10.0,1681.09,39.724852583714,223.0,21.806686430747003,56.06734367749221,324.64571989176085,1,1,0.9784032394413331,0.9700087834295341,0.007031952969813525,280.1816666666667,17.0,0.7916666666666666,1.6666666666666667,18.6,False,False,False,False,False,False,False,False,False,False,False,False,True,False,False,False,False,True,False,False,False,Poor,Poor,True,0.7983864861380964,0.19557321270445513,0.006040301157448462
44.0,11364.87,1095.0725000000002,6,5,7,3,23,16.0,15.77,7.0,1227.03,28.93390983989697,115.0,16.49697207778764,79.46285583769001,303.54742208452234,1,1,1.2956030293351353,2.639713432709745,0.01506473048842669,245.406,7.666666666666667,0.4444444444444444,1.1666666666666667,9.6,False,False,False,False,False,False,False,False,False,False,False,False,True,False,False,False,False,False,False,False,True,Standard,Standard,True,0.041313677103428585,0.8224104508837399,0.13627587201283162
34.0,68690.08,5588.173333333332,7,8,19,9,48,24.0,3.63,7.0,2042.65,24.98153282374425,235.0,380.78807446221833,103.4502980304682,324.5789608406468,1,1,0.35684628697477133,1.3102328604072087,0.06814177938805616,255.33125,5.333333333333333,0.2222222222222222,1.0,19.6,False,False,True,False,False,False,False,False,False,False,False,False,False,False,False,False,True,False,False,False,False,Poor,Poor,True,0.9386145188848495,0.05951061439529681,0.0018748667198538894
34.0,32061.52,2463.793333333333,3,4,9,7,7,14.0,13.67,5.0,927.27,23.23222040570493,76.0,152.06123557374042,25.44811253525059,308.8699852243424,1,1,0.3470590290167153,2.183302600750058,0.061718340380446046,231.8175,1.0,0.16666666666666666,1.6666666666666667,6.3,False,False,True,False,False,False,False,False,False,False,False,False,False,False,False,True,False,False,False,False,False,Standard,Standard,True,0.03335233857820625,0.9013071432466218,0.06534051817517206
28.0,129591.32,3101.0853633916267,4,5,2,0,6,3.0,2.91,3.0,1348.66,29.97936580791349,389.0,0.0,617.0493761457832,739.6782905208835,1,0,0.12488429008979923,0.0,0.0,269.732,5.2,0.2916666666666667,0.75,32.4,False,False,False,False,False,False,True,False,False,False,False,False,False,False,False,False,False,False,False,False,True,Good,Good,True,0.07336711566604524,0.25638698578689256,0.6702458985470622
38.0,61348.98,5038.415,5,7,9,4,24,11.0,5.19,5.0,1240.49,29.16264036662423,329.0,168.595419025631,515.6872648041028,109.55881617026606,1,0,0.24264266496362288,0.6520075802401278,0.03346199529527262,177.21285714285713,6.0,0.22916666666666666,1.0,27.4,False,False,False,False,False,False,False,False,False,False,False,False,False,False,True,False,False,False,False,False,True,Standard,Standard,True,0.09316153913712344,0.8264368361757435,0.08040162468713308
20.0,32412.72,2887.06,9,6,32,9,40,20.0,7.99,7.0,3632.05,37.69355480006574,123.0,163.06753585436562,89.21778431724354,286.42067982839086,0,1,1.3446757939475613,2.7766876707662917,0.056482212303992856,605.3416666666667,4.444444444444445,0.18518518518518517,0.7777777777777778,10.2,False,False,False,False,False,False,False,False,False,False,False,False,False,False,True,False,True,False,False,False,False,Standard,Poor,False,0.8558067126522854,0.1408869210179692,0.003306366329745241
55.0,22425.52,2018.793333333333,3,5,12,2,4,3.0,2.93,1.0,1048.32,27.804481959802462,327.0,19.36062186393613,63.56415041149475,368.9545610579024,2,0,0.5609609052543709,0.8918410810540849,0.009590195065667677,209.664,2.0,0.125,0.3333333333333333,27.2,False,False,False,False,False,False,False,False,False,False,False,False,True,False,False,False,False,False,False,False,True,Good,Good,True,0.08397635661237708,0.1270271156512283,0.7889965277363946
42.0,22803.84,1845.32,7,4,18,3,21,6.0,9.47,8.0,535.11,22.42648362761244,182.0,43.664080087678336,176.47599756234746,244.39192234997415,1,1,0.28158941651932307,1.315567904352951,0.023662064079768463,133.7775,7.0,0.16666666666666666,1.1428571428571428,15.2,False,True,False,False,False,False,False,False,False,False,False,False,False,False,False,False,False,False,False,True,False,Standard,Standard,True,0.1340213868783218,0.829235269836631,0.036743343285047005
41.0,179948.84,958.8625,7,9,33,8,26,20.0,7.9700000000000015,12.0,1945.68,31.74442993540067,241.0,67.46163206909782,129.45058361675376,220.77806133681543,0,1,0.12974887751429798,0.444570801345538,0.07035589781548222,216.18666666666667,3.25,0.20833333333333334,1.7142857142857142,20.1,True,False,False,False,False,False,False,False,False,False,False,False,False,False,False,False,False,False,True,False,False,Poor,Poor,True,0.7742313641824551,0.21887244453779145,0.006896191279753504
30.0,86885.43000000001,7471.4525,3,6,10,4,13,4.0,10.35,1.0,1074.81,31.761562997431305,280.0,244.7157731462082,56.41323764107461,686.0162392127173,2,0,0.14844514206812348,0.4603763830138148,0.03275344026428705,179.135,3.25,0.08333333333333333,0.3333333333333333,23.3,False,False,False,False,False,False,False,True,False,False,False,False,False,False,False,True,False,False,False,False,False,Good,Good,True,0.07314789943954007,0.2606536871621104,0.6661984133983497
51.0,24749.2,2142.433333333333,4,4,19,1,29,10.0,2.41,9.0,1188.44,36.82838747877981,402.0,12.428471844917375,143.15446401947256,348.6603974689434,1,0,0.5762319590128165,0.40405346435440337,0.005801100856464166,297.11,29.0,0.8333333333333334,2.25,33.5,False,False,False,False,False,False,False,False,True,False,False,False,False,False,False,False,False,False,False,False,True,Standard,Standard,True,0.06126484547017618,0.8707534373772616,0.06798171715256209
23.0,121223.96,3101.0853633916267,5,7,3,0,5,10.0,3.36,2.0,1338.42,25.977085592501982,233.0,0.0,835.7936971886185,430.7059694780484,2,0,0.13249063963922642,0.0,0.0,191.20285714285714,5.2,0.2916666666666667,0.4,19.4,False,False,False,False,False,False,False,False,False,False,False,False,False,True,False,False,False,False,False,True,False,Standard,Good,False,0.17503503266939635,0.31763072352949223,0.5073342438011114
46.0,31501.87,2482.155833333333,5,3,16,2,23,13.0,15.25,3.0,333.02,36.69910521879333,357.0,37.42615839037271,18.54847965144832,432.2409452915123,1,1,0.12685723101517465,0.6348829450442148,0.015078085705889156,111.00666666666666,11.5,0.5416666666666666,0.6,29.8,False,False,False,True,False,False,False,False,False,False,False,False,False,False,False,True,False,False,False,False,False,Standard,Standard,True,0.02735779044641556,0.8709327291679454,0.101709480385639
28.0,19852.32,1413.36,7,8,29,6,40,18.0,2.98,8.0,2625.27,23.414881228752584,193.0,52.93074342971981,17.21643989686686,321.1888166734133,0,1,1.5868795183635969,3.0223167871563628,0.03745029110044137,328.15875,6.666666666666667,0.25,1.1428571428571428,16.1,False,False,False,False,False,False,False,True,False,False,False,False,False,False,False,False,True,False,False,False,False,Poor,Poor,True,0.8449372339820563,0.15234348225380864,0.0027192837641349128
46.0,21426.07,1511.5058333333334,5,7,16,7,29,19.0,13.79,7.0,1024.27,29.08775262619361,185.0,117.26678653680165,68.09339995783229,225.79039683869945,1,1,0.5736581650297978,3.267048040074545,0.07758275485989521,146.3242857142857,4.142857142857143,0.2261904761904762,1.4,15.4,False,False,True,False,False,False,False,False,False,False,False,False,False,False,False,False,False,True,False,False,False,Standard,Standard,True,0.059828361930692485,0.9152398253861538,0.024931812683153698
32.0,66614.64,5704.22,6,4,27,7,22,7.0,13.27,20.0,1287.55,25.05385414495957,147.0,241.3714473170532,90.41948605678093,478.6310666261659,1,1,0.2319400059806673,1.0508200599748043,0.042314540343299026,321.8875,3.142857142857143,0.08333333333333333,3.3333333333333335,12.2,False,False,False,False,False,False,False,True,False,False,False,False,False,False,False,True,False,False,False,False,False,Poor,Poor,True,0.6083288402611656,0.3795010956840365,0.012170064054797739
40.0,25399.68,2124.64,4,4,9,3,28,14.0,21.99,11.0,1495.03,24.578986051915077,219.0,61.0034361080378,47.783835013182745,353.67672887877944,1,1,0.7063222843752363,1.1811172424219518,0.02871236355713806,373.7575,9.333333333333334,0.3888888888888889,2.75,18.2,True,False,False,False,False,False,False,False,False,False,False,False,False,False,False,False,True,False,False,False,False,Standard,Standard,True,0.3935684444972251,0.47948375267625104,0.12694780282652376
34.0,29704.64,2365.3866666666668,4,7,13,5,16,17.0,7.1,7.0,1713.04,25.264245733702,177.0,68.74078854308499,33.62931649339541,384.16856163018633,1,1,0.6920292587286027,1.683238712874487,0.029061121173882064,244.72,3.2,0.2833333333333333,1.75,14.8,False,False,False,False,False,False,False,False,False,True,False,False,False,False,False,False,True,False,False,False,False,Standard,Standard,True,0.1876354192662234,0.7768615555310724,0.03550302520270422
23.0,33470.66,2562.221666666667,6,3,7,4,30,9.0,12.98,0.0,1423.22,30.5196917300283,240.0,99.31719754242884,67.59604898019529,339.30892014404253,1,1,0.510257043034108,1.195076523737506,0.038762141010085197,474.4066666666667,7.5,0.1875,0.0,20.0,False,True,False,False,False,False,False,False,False,False,False,False,False,False,False,False,True,False,False,False,False,Standard,Standard,True,0.05100067897441423,0.8833051055910386,0.06569421543454719
40.0,140271.4,11615.283333333333,6,3,18,6,7,15.0,16.740000000000002,10.0,34.7,33.9761414030721,199.0,389.8371966599542,520.7984449890154,530.8926916843639,1,1,0.002968531004894797,0.42774221972547505,0.03356243541138651,11.566666666666668,1.1666666666666667,0.20833333333333334,1.6666666666666667,16.6,False,False,False,False,False,False,False,True,False,False,False,False,False,False,False,False,False,False,False,True,False,Standard,Standard,True,0.34766027981723924,0.6148224432061659,0.0375172769765949
54.0,56751.72,4572.31,7,6,19,4,19,19.0,4.0,1.0,768.79,27.43213152220233,382.0,121.44579177325328,281.9354516406438,323.84975658610296,1,0,0.16255859734295275,0.7048244528976391,0.02656114562950746,128.13166666666666,4.75,0.3958333333333333,0.14285714285714285,31.8,True,False,False,False,False,False,False,False,False,False,False,False,False,False,False,False,False,False,True,False,False,Poor,Standard,False,0.01955910728022158,0.9358707834368788,0.04457010928289962
25.0,17641.46,1703.121666666667,8,5,5,2,30,12.0,9.39,4.0,322.43,27.61716768151329,219.0,15.357276593488557,129.45058361675376,371.6331318240161,1,1,0.2193219835546491,1.13369301633765,0.009017134180170269,64.486,15.0,0.5,0.5,18.2,False,False,False,False,False,False,False,False,False,False,False,True,False,False,False,False,True,False,False,False,False,Standard,Standard,True,0.04311693678965001,0.9068171709645232,0.05006589224582664
45.0,29378.06,2312.1716666666666,7,6,17,4,19,8.0,8.81,6.0,1078.84,24.587943988643516,220.0,51341.0,103.7879978477702,294.4118756401803,1,1,0.4406717121552614,1.361560293634093,22.204666176026436,179.80666666666664,4.75,0.16666666666666666,0.8571428571428571,18.3,False,False,False,True,False,False,False,False,False,False,False,False,False,False,False,False,False,True,False,False,False,Standard,Standard,True,0.091079197805842,0.8658651047238551,0.043055697470303
27.0,132324.18,11027.015,5,5,7,4,11,11.0,11.79,8.0,1487.26,25.94154641604391,230.0,43160.0,314.61119148084254,659.3606468515343,1,0,0.13487421573290687,0.30228791140062233,3.914023876815258,297.452,2.75,0.22916666666666666,1.6,19.2,False,False,False,False,False,False,False,False,False,False,False,False,False,True,False,False,True,False,False,False,False,Standard,Good,False,0.0933776825800271,0.3435563246679297,0.5630659927520432
47.0,144468.72,11788.06,3,3,7,3,1,10.0,3.01,4.0,539.74,37.33617450110104,219.0,241.39904841544708,248.04189153939475,929.365060045158,2,0,0.04483240385877303,0.20765740846876748,0.020478267706089643,179.91333333333333,0.3333333333333333,0.2777777777777778,1.3333333333333333,18.2,False,False,False,False,False,False,False,False,False,False,False,False,True,False,False,True,False,False,False,False,False,Good,Good,True,0.05230554569146371,0.39993907717550936,0.547755377133027
20.0,37607.28,2842.94,3,6,17,3,16,14.0,15.0,9.0,1361.67,38.6540695003438,226.0,81.81690606825181,101.96031965845924,360.51677427328906,1,1,0.43449140698290334,0.7977178886641098,0.028778977420646164,226.94500000000002,5.333333333333333,0.3888888888888889,3.0,18.8,True,False,False,False,False,False,False,False,False,False,False,False,False,False,False,False,False,True,False,False,False,Poor,Poor,True,0.6023169256523084,0.37849090013697,0.01919217421072154
38.0,14982.0,1137.5,6,3,17,2,31,20.0,15.66,7.0,693.77,35.09377113859482,267.0,55522.0,93.55126669575073,285.6295723942693,1,1,0.5556828193832599,1.3349352556401015,48.81054945054945,231.25666666666666,15.5,0.8333333333333334,1.1666666666666667,22.2,False,False,False,False,False,False,False,True,False,False,False,False,False,False,False,False,False,False,False,False,True,Standard,Standard,True,0.12184930739193882,0.8136038332923761,0.06454685931568514
28.0,177947.28,15101.94,2,7,2,0,12,0.0,8.17,3.0,1284.4,33.73185985594711,219.0,0.0,654.8759100183195,1115.3180899816807,2,1,0.08661441748365022,0.0,0.0,183.4857142857143,5.2,0.2916666666666667,1.5,18.2,False,False,False,False,True,False,False,False,False,False,False,False,False,False,False,False,False,True,False,False,False,Good,Good,True,0.13737463752062537,0.29286939476034424,0.5697559677190304
24.0,114838.41,9843.8675,2,5,7,3,11,14.0,8.24,8.0,1377.74,31.76751564697107,262.0,226.8927919215432,215.4682977385688,792.0256603398883,2,0,0.14396646557541157,0.261236636766392,0.0230491513545406,275.548,3.6666666666666665,0.3888888888888889,4.0,21.8,False,False,False,True,False,False,False,False,False,False,False,False,False,False,False,False,True,False,False,False,False,Good,Good,True,0.05681387894049408,0.3156805470179725,0.6275055740415333
34.0,100268.73,8064.727500000001,7,6,6,4,9,12.0,19.83,6.0,148.15,38.64309485693633,252.0,263.3897414097784,807.0017145750418,16.081294015179882,1,1,0.017730353221787093,0.39892796089069843,0.03265947193005323,24.691666666666666,2.25,0.25,0.8571428571428571,21.0,False,False,False,False,False,True,False,False,False,False,False,False,False,False,False,False,False,False,False,True,False,Standard,Standard,True,0.02140866538809526,0.8386576132925342,0.13993372131937057
34.0,42447.54,3583.295,5,5,13,4,12,16.0,12.04,7.0,2103.16,30.94424762368766,210.0,95.24041675248463,59.07546837377212,444.01361487374334,1,1,0.594567317682014,0.942339650307179,0.026579005287726696,420.63199999999995,3.0,0.3333333333333333,1.4,17.5,False,False,False,False,False,False,False,True,False,False,False,False,False,False,False,True,False,False,False,False,False,Poor,Standard,False,0.4101060780987009,0.5234430265160205,0.06645089538527867
31.0,41640.54,3101.0853633916267,6,7,8,1,20,18.0,4.29,2.0,1072.42,24.91249940893384,323.0,30.208315458015782,337.12876710269865,269.2674174392856,1,0,0.30905074718051206,0.24015058402220527,0.00974120732522411,153.20285714285714,20.0,1.5,0.3333333333333333,26.9,False,False,False,False,False,False,False,False,False,False,False,False,True,False,False,False,False,False,False,False,True,Standard,Standard,True,0.09531945566594124,0.735483570192964,0.16919697414109483
34.0,7106.15,592.1791666666667,6,5,29,3,41,21.0,3.66,7.0,2688.12,28.98688111086064,226.0,9.575854756288654,27.96300792818748,311.6790539821905,0,1,4.539369419446536,4.2216952921061335,0.016170536377006377,537.624,13.666666666666666,0.5833333333333334,1.1666666666666667,18.8,False,False,False,False,False,True,False,False,False,False,False,False,False,False,False,False,False,False,False,False,True,Poor,Poor,True,0.9152263392715326,0.08022969272595074,0.004543968002516562
31.0,88120.12,7377.343333333332,5,6,15,4,6,12.0,10.48,2.0,534.85,25.671829579512963,403.0,164.97877677347282,514.0371639274096,348.71839263245084,1,0,0.07283467158238097,0.453925845765984,0.022362898040551117,89.14166666666667,1.5,0.25,0.4,33.6,False,False,False,False,False,False,False,True,False,False,False,False,False,False,False,False,False,False,False,False,True,Standard,Standard,True,0.035107602519280405,0.8711321829277724,0.09376021455294714
34.0,15950.66,1047.2216666666666,9,8,26,9,55,14.0,9.01,8.0,2598.21,29.614136203810524,189.0,63.85540142023863,14.796303358447751,276.0704618879803,0,1,1.9546852606725993,5.642399750229771,0.060976012484054126,324.77625,6.111111111111111,0.12962962962962962,0.8888888888888888,15.8,False,False,False,True,False,False,False,False,False,False,False,False,False,False,False,False,True,False,False,False,False,Poor,Poor,True,0.8404493372780073,0.1582723132565066,0.0012783494654862435
18.0,14146.59,1178.8825,3,5,1,1,5,4.0,8.74,5.0,1302.82,26.851077259645425,393.0,7.904920536954126,74.2836847423043,295.6996447207416,2,0,1.1051313426062395,0.7068841325011893,0.006705435475506784,260.56399999999996,5.0,0.3333333333333333,1.6666666666666667,32.8,False,True,False,False,False,False,False,False,False,False,False,False,False,False,False,False,False,True,False,False,False,Good,Good,True,0.05148587439543175,0.16728887929925998,0.7812252463053082
39.0,18463.93,1795.6608333333334,4,6,20,4,22,17.0,14.93,6.0,866.07,37.377349596934685,110.0,46.97536142391149,201.62062293846267,220.9700989709592,1,1,0.5628725845472768,2.1663860294097734,0.026160486742203906,144.345,5.5,0.3541666666666667,1.5,9.2,False,False,False,False,False,True,False,False,False,False,False,False,False,False,False,False,False,False,False,False,True,Good,Standard,False,0.1360669249283011,0.8327907965056404,0.03114227856605851
31.0,37896.71,3101.0853633916267,5,5,3,3,18,2.0,11.78,8.0,657.12,38.5569011373271,363.0,86.02948648940674,40.89386256008689,411.582567617173,1,0,0.2080771655375889,0.7916254471694245,0.027741734395636607,131.424,6.0,0.05555555555555555,1.6,30.2,False,False,False,False,False,False,False,True,False,False,False,False,False,False,False,False,False,False,False,False,True,Poor,Poor,True,0.4006702130999651,0.3675320768644377,0.2317977100355972
42.0,54491.84,4769.986666666667,3,20,100,0,19,16.0,14.17,4.0,555.42,31.776858279795388,219.0,0.0,512.2633335169122,254.7353331497545,1,1,0.12231262515635367,0.0,0.0,27.770999999999997,5.2,0.2916666666666667,1.3333333333333333,18.2,False,False,False,False,False,False,False,True,False,False,False,False,False,False,False,False,False,False,False,False,True,Standard,Standard,True,0.04359048469250574,0.9194241742769421,0.036985341030552336
44.0,16808.35,1188.6958333333332,8,6,11,7,8,14.0,17.51,5.0,1330.72,35.60150024142634,233.0,64.87719124671851,51.89663465931055,262.09575742730425,1,1,0.9500420921744254,4.164596762918431,0.054578462738268635,221.78666666666666,1.1428571428571428,0.16666666666666666,0.625,19.4,False,False,False,False,False,True,False,False,False,False,False,False,False,False,False,False,False,True,False,False,False,Standard,Standard,True,0.17848368805880077,0.7510235810480492,0.07049273089315004
34.0,16173.51,1581.7925,8,6,17,2,18,14.0,17.59,10.0,751.55,36.979521595149386,75.0,17.761332922721916,20.237370313576022,370.18054676370207,1,1,0.5576155083219412,1.2365899548088202,0.01122861116279279,125.25833333333333,9.0,0.5833333333333334,1.25,6.2,False,False,False,False,False,False,False,False,False,True,False,False,False,False,False,False,True,False,False,False,False,Standard,Standard,True,0.037588228328808565,0.9127335860063237,0.04967818566486789
42.0,19853.95,3101.0853633916267,10,20,20,7,37,23.0,4.2,12.0,1871.37,25.634208105219933,155.0,63.48402232937336,61.9895141659303,318.9760468380297,0,1,1.1310817242916396,3.52574676575694,0.02047154943840098,93.5685,5.285714285714286,0.27380952380952384,1.2,12.9,False,False,False,False,False,True,False,False,False,False,False,False,False,False,False,False,True,False,False,False,False,Poor,Poor,True,0.831145159429255,0.16677927065826537,0.002075569912479487
54.0,28893.09,3101.0853633916267,4,1,11,0,11,3.0,0.9800000000000004,1.0,224.36,37.52111497784222,263.0,0.0,57.64378404267644,421.9319659573236,2,0,0.09318214147396488,0.0,0.0,224.36,5.2,0.2916666666666667,0.25,21.9,False,False,False,False,False,False,True,False,False,False,False,False,False,False,False,False,True,False,False,False,False,Good,Good,True,0.007046379270550607,0.05368054833893012,0.9392730723905193
19.0,7842.3,528.525,10,10,21,8,37,15.0,23.06,9.0,3421.09,36.11239516112024,28.0,40.96970272311216,31.588924480965986,270.29387279592186,0,1,5.2348265177307685,10.201088966247147,0.0775170573257881,342.10900000000004,4.625,0.15625,0.9,2.3,False,False,False,False,False,False,False,True,False,False,False,False,False,False,False,False,False,False,False,False,True,Standard,Standard,True,0.2495198213695978,0.7335207027956852,0.01695947583471701
21.0,37361.02,3280.418333333333,10,6,19,6,54,19.0,22.41,12.0,2911.75,28.675742551643523,54.0,129.87189051717294,32.863362269326416,405.306580546834,0,1,0.9352260725215747,1.6059518717636725,0.03959003923295544,485.2916666666667,9.0,0.2638888888888889,1.2,4.5,False,False,False,False,False,False,False,False,True,False,False,False,False,False,False,True,False,False,False,False,False,Poor,Standard,False,0.354986977836175,0.6187359980810685,0.026277024082756433
50.0,32297.67,2924.4725,6,5,2,4,26,13.0,8.64,4.0,1300.2,30.175072189315877,212.0,73.18943970474511,377.39861889532057,131.8591913999343,2,1,0.48308128728790656,1.2384794321076413,0.02502654400229276,260.04,6.5,0.2708333333333333,0.6666666666666666,17.7,False,False,False,False,False,False,False,False,True,False,False,False,False,False,False,False,False,False,False,False,True,Good,Good,True,0.07485032834338744,0.11260102306678592,0.8125486485898268
44.0,55583.67,4816.9725,6,5,11,2,23,17.0,12.29,6.0,2019.51,31.481239658358728,209.0,69.73399853680547,141.74714123852982,530.2161102246647,1,1,0.43599352111870265,0.359817910548188,0.014476727557984912,403.902,11.5,0.7083333333333334,1.0,17.4,False,False,False,True,False,False,False,False,False,False,False,False,False,False,False,False,False,True,False,False,False,Standard,Poor,False,0.7483164339887489,0.2350262828051309,0.016657283206120355
25.0,104177.61000000002,8671.4675,3,6,1,2,8,1.0,4.22,3.0,581.83,31.151655169658014,298.0,141.6961457709901,389.64229587000415,595.8083083590059,1,0,0.06701977517049969,0.19197983136683588,0.016340503585003358,96.97166666666668,4.0,0.041666666666666664,1.0,24.8,False,False,False,False,False,False,False,True,False,False,False,False,False,False,False,False,False,True,False,False,False,Poor,Poor,True,0.3506827100921981,0.3349027286073058,0.3144145613004962
25.0,36722.38,2905.1983333333333,7,6,20,0,13,14.0,7.21,20.0,366.9,39.31410943872386,188.0,0.0,344.57834429014986,235.94148904318348,1,1,0.11989418986460028,0.0,0.0,61.15,5.2,0.2916666666666667,2.857142857142857,15.7,True,False,False,False,False,False,False,False,False,False,False,False,False,False,False,False,False,False,False,False,True,Standard,Standard,True,0.05105963240492765,0.8922631299002988,0.0566772376947736
49.0,29365.12,2524.093333333333,5,5,12,1,14,14.0,7.04,4.0,463.57,33.77787747134847,310.0,21.52158418849424,103.21062492647404,377.6771242183651,2,0,0.1894369919142166,0.3405400693067149,0.008526461325450556,92.714,14.0,1.1666666666666667,0.8,25.8,False,False,False,False,False,False,False,False,False,False,False,True,False,False,False,False,True,False,False,False,False,Good,Good,True,0.041615858669606993,0.15166814582185317,0.8067159955085398
34.0,46243.56,4083.63,4,5,13,0,4,11.0,15.79,7.0,1455.34,23.507938728463497,357.0,0.0,407.5363366015475,290.82666339845247,1,1,0.3776543155414505,0.0,0.0,291.068,5.2,0.2916666666666667,1.75,29.8,False,False,False,False,False,False,True,False,False,False,False,False,False,False,False,False,False,False,False,False,True,Standard,Standard,True,0.031783138856497944,0.7737913458827599,0.19442551526074206
34.0,73099.84,6075.653333333333,6,8,26,3,46,19.0,12.12,14.0,1806.64,25.191351401902963,90.0,155.98174545554372,269.8451649978037,451.7384228799859,0,1,0.29657629893581167,0.41039761509737915,0.025673246463844283,225.83,15.333333333333334,0.5277777777777778,2.3333333333333335,7.5,False,False,False,False,False,False,False,False,False,False,False,False,False,True,False,False,False,False,True,False,False,Poor,Poor,True,0.8387705047979983,0.16033616022182554,0.0008933349801759958
31.0,75988.68,6419.389999999999,0,3,9,4,14,3.0,16.259999999999998,1.0,1241.25,26.63179402994169,396.0,162.19908306980923,46.98586365962661,672.7540532705641,1,0,0.19601603817831817,0.5263941945037077,0.025267055447606275,413.75,3.5,0.0625,1.0,33.0,False,False,False,False,False,False,False,True,False,False,False,False,False,False,False,True,False,False,False,False,False,Standard,Standard,True,0.10811001273762944,0.5423749407129684,0.3495150465494021
31.0,17161.57,1585.1308333333334,6,3,9,4,23,11.0,10.06,6.0,743.2,30.709019175711827,203.0,47.25462667053961,140.59456075749242,240.66389590530136,1,1,0.5196727339048817,2.3307890828170152,0.02981118383216923,247.73333333333335,5.75,0.22916666666666666,1.0,16.9,False,False,False,True,False,False,False,False,False,False,False,False,False,False,False,False,False,False,True,False,False,Standard,Standard,True,0.044852786160084646,0.8366397014180486,0.11850751242186673
33.0,115086.6,9779.55,4,7,14,4,10,16.0,20.2,4.0,1122.32,23.536567141463927,219.0,377.8963392954612,559.7235158528205,310.3351448517185,1,1,0.11702352836907162,0.3475643558850465,0.03864148547688403,160.33142857142857,2.5,0.3333333333333333,1.0,18.2,False,False,True,False,False,False,False,False,False,False,False,False,False,False,False,False,False,False,True,False,False,Standard,Standard,True,0.03466740410525718,0.8479910810770326,0.11734151481771034
26.0,145934.16,12446.18,0,5,3,0,20,2.0,9.42,3.0,1334.34,25.121681266134328,202.0,113.51602958470164,794.6079725801371,616.4939978351614,2,0,0.1097212606013561,0.0,0.009120551814669371,266.868,5.2,0.2916666666666667,1.0,16.8,False,False,False,False,False,False,False,True,False,False,False,False,False,False,False,False,False,False,False,True,False,Standard,Standard,True,0.4151120236747466,0.4489023767860738,0.13598559953917957
35.0,79323.96,6900.330000000001,9,8,17,8,43,23.0,23.77,12.0,3393.48,22.247618253929595,167.0,423.1495504156436,283.5438324148243,253.33961716953232,1,1,0.5133601499471282,1.0085225195514695,0.061323088955983776,424.185,5.375,0.23958333333333334,1.3333333333333333,13.9,False,False,False,False,False,False,False,False,False,True,False,False,False,False,False,False,False,False,True,False,False,Poor,Poor,True,0.8234191064733695,0.1619441038934334,0.014636789633197209
46.0,20867.67,1489.9725,1,3,11,1,13,12.0,1.1,4.0,884.52,24.476134847652933,219.0,16.83718937945217,49.615862144944174,342.54419847560365,1,0,0.5086451913414387,0.4792101849415867,0.011300335663545581,294.84,13.0,1.0,4.0,18.2,False,False,False,False,False,False,False,False,False,False,False,False,False,False,True,False,False,False,False,False,True,Good,Good,True,0.09663736768549332,0.24423762580959218,0.6591250065049145
22.0,68475.24,5488.27,7,8,32,5,52,24.0,3.2,10.0,4116.64,27.90274597740141,172.0,236.00841935933255,378.10494769770753,224.71363294296,1,1,0.7214239774844162,0.7301909420105719,0.04300233395210741,514.58,10.4,0.4,1.4285714285714286,14.3,False,False,False,False,False,False,False,False,False,False,False,False,False,False,True,False,False,False,False,False,True,Standard,Poor,False,0.9048527729261878,0.09421139912848349,0.0009358279453288192
34.0,43549.86,3672.155,7,5,24,9,27,22.0,21.52,6.0,4639.59,39.674839939034,151.0,193.11437921855344,346.1645997765847,117.9365210048619,1,1,1.278421560941872,2.0665967697714756,0.05258884203377946,927.918,3.0,0.2037037037037037,0.8571428571428571,12.6,False,False,False,False,False,False,True,False,False,False,False,False,False,False,False,False,False,False,False,False,True,Standard,Standard,True,0.3581497194710021,0.6236769163097133,0.018173364219284508
20.0,56192.32,3101.0853633916267,10,6,21,8,45,17.0,15.07,7.0,3777.1,25.62032539467293,219.0,282.1903992253431,62.61741941747992,372.8615146905103,0,1,0.8066084475600935,1.4236820974823605,0.09099730131798572,629.5166666666667,5.625,0.17708333333333334,0.7,18.2,False,False,False,False,False,False,False,False,False,False,False,False,False,False,True,False,True,False,False,False,False,Standard,Standard,True,0.2253945192172205,0.7586034100049565,0.016002070777823035
34.0,116522.68,8986.315953451429,3,4,16,6,26,8.0,16.74,7.0,272.6,28.952960420582013,66.0,1042.6742094601684,129.45058361675376,343.6224262985173,1,1,0.02807350466020864,0.5149212153376493,0.11602910635027273,68.15,4.333333333333333,0.1111111111111111,2.3333333333333335,5.5,False,False,False,False,False,False,False,False,False,False,False,False,False,True,False,False,False,False,True,False,False,Standard,Standard,True,0.03033036663309457,0.6895470970252172,0.2801225363416882
39.0,14067.58,920.2983333333334,9,6,20,8,16,19.0,1.5699999999999998,9.0,3043.88,25.58438022779027,112.0,71.63048026582938,82.85050110802744,207.5488519594765,0,1,2.5965062931932854,5.686834551500684,0.07783397803882006,507.31333333333333,2.0,0.19791666666666666,1.0,9.3,False,False,False,False,False,False,False,False,False,False,False,False,False,False,True,False,False,False,True,False,False,Poor,Poor,True,0.7509123365117035,0.24556863978774993,0.0035190237005465093
25.0,131931.12,11045.26,5,5,12,2,7,0.0,3.19,4.0,1381.1,26.737983243075117,214.0,177.893491710559,209.00558714030703,967.626921149134,1,0,0.12562009630479903,0.15159425615427202,0.016105867287013523,276.21999999999997,3.5,0.0,0.8,17.8,False,False,False,False,False,False,False,True,False,False,False,False,False,False,False,False,True,False,False,False,False,Good,Good,True,0.09079418359221093,0.29520392827282044,0.6140018881349687
23.0,138079.96,11349.663333333332,2,4,8,0,7,9.0,9.87,4.0,637.14,38.266652857640025,352.0,0.0,215.38393841547568,1159.5823949178575,2,0,0.05537139495115729,0.0,0.0,159.285,5.2,0.2916666666666667,2.0,29.3,False,False,False,False,False,False,False,False,False,False,True,False,False,False,False,True,False,False,False,False,False,Poor,Poor,True,0.4947158241793921,0.2443513049406066,0.26093287088000133
45.0,18048.88,1669.0733333333335,10,5,15,6,22,19.0,18.56,6.0,1257.05,28.550635491507283,165.0,86.7683562334972,170.62329468683004,199.5156824130061,0,1,0.8357637703835361,3.324305995718294,0.051985946034025184,251.41,3.6666666666666665,0.2638888888888889,0.6,13.8,False,False,True,False,False,False,False,False,False,False,False,False,False,False,False,False,False,False,False,False,True,Poor,Poor,True,0.7583539985646629,0.2323672132169394,0.009278788218397565
36.0,34710.6,3101.0853633916267,6,3,20,7,25,14.0,14.76,7.0,1462.53,32.33008974547173,173.0,197.1080745500404,58.55327586268997,311.39364958726964,1,1,0.505619608995523,2.0166750214631843,0.06356099605541501,487.51,3.5714285714285716,0.16666666666666666,1.1666666666666667,14.4,False,True,False,False,False,False,False,False,False,False,False,False,False,False,False,False,True,False,False,False,False,Standard,Standard,True,0.26433484002346525,0.7090169137244078,0.0266482462521269
19.0,72125.2,6094.4333333333325,3,5,12,2,7,16.0,13.52,6.0,95.23,36.7459629778274,242.0,84.48929614020291,75.72497419151007,699.2290630016205,1,1,0.015844115510251618,0.27729559155468547,0.013863355544163732,19.046,3.5,0.6666666666666666,2.0,20.2,False,False,False,True,False,False,False,False,False,False,False,False,False,False,False,False,True,False,False,False,False,Standard,Standard,True,0.038068313378465585,0.9229391460634018,0.03899254055813275
38.0,60396.26,3101.0853633916267,6,3,3,2,13,19.0,0.81,3.0,633.75,40.93373889683559,227.0,81.3796160338395,219.81535033726735,446.7072002955599,2,0,0.12591839296009388,0.3311463325709241,0.02624230116156345,211.25,6.5,0.7916666666666666,0.5,18.9,False,False,False,False,False,False,False,False,False,False,False,False,True,False,False,False,False,False,True,False,False,Good,Good,True,0.04640387085788544,0.13211913516748533,0.8214769939746294
37.0,7467.86,3101.0853633916267,9,10,20,2,35,11.0,10.84,12.0,1379.19,35.977551654254306,169.0,12.3539576571651,59.26940269396266,274.5088063155389,1,1,2.2162011607073517,2.6781434038667036,0.0039837528508579,137.919,17.5,0.4583333333333333,1.3333333333333333,14.1,False,False,True,False,False,False,False,False,False,False,False,False,False,False,False,False,False,False,False,True,False,Poor,Poor,True,0.8670397476194083,0.13119548220699523,0.001764770173596512
19.0,103769.88,8421.817158669059,5,6,14,4,12,10.0,14.15,20.0,436.69,32.49380429079993,201.0,596.3370135445879,126.53910736794528,733.0457204184061,1,1,0.05049904654414171,0.38546830737397014,0.07080859181687933,72.78166666666667,3.0,0.20833333333333334,4.0,16.8,False,False,False,False,False,False,False,False,False,False,True,False,False,False,False,False,True,False,False,False,False,Good,Standard,False,0.11375194137436258,0.631775885410889,0.2544721732147483
42.0,25740.18,2197.015,5,6,1,1,19,10.0,2.77,2.0,1273.88,40.223603650537065,256.0,19.46604342760477,180.69888647635483,289.5365700960404,1,0,0.5938792968813739,0.3884976717334533,0.008860223270029914,212.31333333333336,19.0,0.8333333333333334,0.4,21.3,False,False,False,False,False,False,False,False,False,False,False,False,False,False,True,False,False,False,True,False,False,Standard,Standard,True,0.1234232763402728,0.7896736599591936,0.08690306370053359
38.0,60770.22,4924.185,8,4,15,4,14,15.0,1.36,6.0,176.02,35.03958243590949,219.0,190.27457382842024,209.9463908017821,362.1975353697978,1,0,0.03475781394242114,0.6582171333261587,0.03864082560432239,44.005,3.5,0.3125,0.75,18.2,False,False,False,False,False,False,False,False,True,False,False,False,False,False,False,False,False,False,True,False,False,Standard,Standard,True,0.10159650083191164,0.7187958110220244,0.17960768814606398
40.0,60843.33,4902.2775,4,6,14,3,22,18.0,19.42,6.0,1494.43,29.68614109184634,241.0,151.97884953638462,240.8474729456151,387.40142751800033,1,1,0.29474323644021455,0.4930696594022714,0.031001682286729913,249.0716666666667,7.333333333333333,0.5,1.5,20.1,True,False,False,False,False,False,False,False,False,False,False,False,False,False,False,False,False,False,False,False,True,Standard,Standard,True,0.1837208591492172,0.7699453951321317,0.04633374571865123
30.0,7199.325,408.94375,8,6,21,6,42,14.0,16.46,9.0,4918.95,26.95307210070732,38.0,31.94138147326209,25.50271659338365,243.45027693335427,0,1,8.199018657999186,8.334114656582388,0.07810702932435595,819.8249999999999,7.0,0.19444444444444445,1.125,3.2,False,False,False,False,False,False,False,False,False,False,False,False,True,False,False,False,False,True,False,False,False,Poor,Standard,False,0.35699941903816795,0.599139889147439,0.04386069181439301
34.0,10190.065,845.1720833333335,8,7,11,5,3,14.0,13.19,6.0,962.78,38.36811515128503,95.0,22.548002795666605,110.27957876158032,241.6896267760864,1,1,1.1337866834019212,4.906740045328464,0.026678593910411656,137.54,0.6,0.23333333333333334,0.75,7.9,False,False,False,False,False,False,False,True,False,False,False,False,False,False,False,False,False,False,False,False,True,Standard,Standard,True,0.027150444943761332,0.9558250125559414,0.017024542500297227
31.0,34775.16,3048.9300000000007,7,9,25,5,25,21.0,15.16,6.0,3003.45,31.734290380459925,219.0,126.5968143795764,47.181608626214654,371.1145769942089,0,1,1.0364121976721312,1.4378079065631904,0.041521718891406614,333.71666666666664,5.0,0.35,0.8571428571428571,18.2,False,False,False,False,False,False,True,False,False,False,False,False,False,False,False,False,False,False,False,False,True,Poor,Poor,True,0.6988350109522316,0.2902776191268575,0.010887369920910911
47.0,24042.68,2223.5566666666664,5,3,20,0,29,12.0,10.47,4.0,1006.1,33.863222570658195,360.0,12.664581148671756,16.140874256805006,433.55021126118993,1,1,0.5021569974728275,0.0,0.005695641284311062,335.3666666666667,5.2,0.2916666666666667,0.8,30.0,False,False,True,False,False,False,False,False,False,False,False,False,False,False,False,True,False,False,False,False,False,Standard,Standard,True,0.020863570392840623,0.9169238345101994,0.062212595096959665
24.0,170502.52,14489.543333333331,1,5,9,2,2,4.0,2.84,3.0,334.62,36.70071718637276,296.0,190.4814722145373,877.7038765591487,640.7689845596474,2,0,0.023550619662395605,0.11730031908032795,0.013146133582853013,66.924,1.0,0.16666666666666666,3.0,24.7,False,False,False,False,False,True,False,False,False,False,False,False,False,False,False,False,False,True,False,False,False,Standard,Standard,True,0.04858489109856059,0.6347534538011755,0.31666165510026384
19.0,33479.22,3101.0853633916267,5,4,12,0,0,2.0,11.7,2.0,1249.18,35.38737866256006,369.0,0.0,82.00537159384815,474.5881284061518,2,0,0.4477451983648365,0.0,0.0,312.295,5.2,0.2916666666666667,0.4,30.8,False,False,False,False,False,False,False,True,False,False,False,False,False,False,False,False,False,False,False,True,False,Poor,Good,False,0.05041680694688943,0.44112443886042163,0.5084587541926892
